00010d19 N 
000045bc N 
000045bc N 
000045bc N 
000045bc N 
000045bc N 
000045bc N 
000045bc N 
000045bc N 
000045bc N 
000045bc N 
000045bc N 
000045bc N 
000045bc N 
000045bc N 
000045bc N 
000045bc N 
000045bc N 
000045bc N 
000045bc N 
000045bc N 
000045bc N 
000045bc N 
000045bc N 
000045bc N 
000045bc N 
000045bc N 
000045bc N 
000045bc N 
000045bc N 
000045bc N 
000045bc N 
000045bc N 
000045bc N 
000045bc N 
000045bc N 
000045bc N 
000045bc N 
000045bc N 
000045bc N 
000045bc N 
000045bc N 
000045bc N 
000045bc N 
000045bc N 
000045bc N 
000045bc N 
000045bc N 
000045bc N 
000045bc N 
000045bc N 
000045bc N 
000045bc N 
000045bc N 
000045bc N 
000045bc N 
000045bc N 
000045bc N 
000045bc N 
000045bc N 
000045bc N 
000045bc N 
000045bc N 
000045bc N 
000045bc N 
00003bcc N 
00005b40 N 
00005b40 N 
00005b40 N 
00005b40 N 
00005b40 N 
00005b40 N 
00005b40 N 
00005b40 N 
00005b40 N 
00005b40 N 
00012788 N 
00003bcc N 
00003bcc N 
00012788 N 
00003bcc N 
00003bcc N 
00003bcc N 
00003bcc N 
00003bcc N 
00003bcc N 
00003bcc N 
00003bcc N 
00012788 N 
00005b40 N 
00003bcc N 
00003bcc N 
00003bcc N 
00003bcc N 
00003bcc N 
00003bcc N 
00003bcc N 
00012788 N 
00012788 N 
00012788 N 
00005b40 N 
00012788 N 
00012788 N 
00012788 N 
00012788 N 
00012788 N 
00012788 N 
00012788 N 
00012788 N 
00012788 N 
00012788 N 
00012788 N 
00012788 N 
00012788 N 
00012788 N 
00012788 N 
00012788 N 
00012788 N 
00012788 N 
00005b40 N 
00012788 N 
00012788 N 
00012788 N 
00012788 N 
00012788 N 
00012788 N 
00012386 N 
00012386 N 
00012386 N 
00012386 N 
00012386 N 
00003bcc N 
00012386 N 
00003bcc N 
00012386 N 
00012386 N 
00012386 N 
00012386 N 
00012386 N 
00012386 N 
00005b40 N 
00012386 N 
00012386 N 
00012386 N 
00012386 N 
00005b40 N 
00012386 N 
00012386 N 
00012386 N 
00005b40 N 
00005b40 N 
00012386 N 
00012386 N 
00012386 N 
00012386 N 
00012386 N 
00012386 N 
00012386 N 
00012386 N 
00012386 N 
00012386 N 
00005b40 N 
00012386 N 
00011e6a N 
00011e6a N 
00011e6a N 
00011e6a N 
00011e6a N 
00011e6a N 
00005b40 N 
00011e6a N 
00011e6a N 
00005b40 N 
00011e6a N 
00011e6a N 
00011e6a N 
00011e6a N 
00011e6a N 
00011e6a N 
00011e6a N 
00011e6a N 
00011e6a N 
00011e6a N 
00011e6a N 
00011e6a N 
00011e6a N 
00011e6a N 
00005b40 N 
00011e6a N 
00011e6a N 
00011e6a N 
00011e6a N 
00011e6a N 
00011e6a N 
00011e6a N 
00011e6a N 
00011e6a N 
00011cb1 N 
00005b40 N 
00011cb1 N 
00011cb1 N 
00011cb1 N 
00003bcc N 
00011cb1 N 
00011cb1 N 
00011cb1 N 
00005b40 N 
00011cb1 N 
00011cb1 N 
00011cb1 N 
00011cb1 N 
00011cb1 N 
00011cb1 N 
00011cb1 N 
00011cb1 N 
00011cb1 N 
00011cb1 N 
00011cb1 N 
00011cb1 N 
00011cb1 N 
00011cb1 N 
00011cb1 N 
00011cb1 N 
00011cb1 N 
000060e1 N 
00011cb1 N 
00011cb1 N 
00011cb1 N 
00011cb1 N 
00011cb1 N 
00011cb1 N 
000118c7 N 
000118c7 N 
000118c7 N 
000118c7 N 
000118c7 N 
000118c7 N 
000118c7 N 
000118c7 N 
000118c7 N 
000118c7 N 
000118c7 N 
000118c7 N 
000118c7 N 
000118c7 N 
000118c7 N 
000118c7 N 
000118c7 N 
000118c7 N 
000118c7 N 
000118c7 N 
000118c7 N 
000118c7 N 
00003bcc N 
000118c7 N 
000118c7 N 
000118c7 N 
000118c7 N 
000118c7 N 
000118c7 N 
000118c7 N 
000060e1 N 
000118c7 N 
00003bcc N 
000118c7 N 
000118c7 N 
00011324 N 
00011324 N 
00011324 N 
00011324 N 
00011324 N 
000060e1 N 
00011324 N 
00011324 N 
000060e1 N 
000060e1 N 
00011324 N 
00003bcc N 
00011324 N 
00011324 N 
00011324 N 
00011324 N 
00011324 N 
00003bcc N 
00011324 N 
00003bcc N 
00011324 N 
00003bcc N 
00003bcc N 
00011324 N 
00011324 N 
00011324 N 
00011324 N 
00011324 N 
00011324 N 
00011324 N 
00011324 N 
00011324 N 
00011324 N 
00011324 N 
00011324 N 
00010fc7 N 
000060e1 N 
00010fc7 N 
00003bcc N 
00010fc7 N 
00010fc7 N 
00010fc7 N 
00003bcc N 
000060e1 N 
00010fc7 N 
00010fc7 N 
00010fc7 N 
00010fc7 N 
00010fc7 N 
00010fc7 N 
00010fc7 N 
00010fc7 N 
00010fc7 N 
00003bcc N 
00010fc7 N 
00010fc7 N 
00010fc7 N 
00010fc7 N 
00010fc7 N 
00010fc7 N 
00010fc7 N 
00010fc7 N 
00010fc7 N 
00010fc7 N 
00010fc7 N 
00010fc7 N 
00010fc7 N 
00003bcc N 
00010fc7 N 
00010fc7 N 
00010fc7 N 
00010d19 N 
00003bcc N 
00010d19 N 
00010d19 N 
00010d19 N 
00010d19 N 
00010d19 N 
00010d19 N 
00010d19 N 
000060e1 N 
000060e1 N 
000060e1 N 
00010d19 N 
00010d19 N 
00010d19 N 
00010d19 N 
000060e1 N 
00010d19 N 
00010d19 N 
00010d19 N 
00010d19 N 
00010d19 N 
00010d19 N 
00010d19 N 
00010d19 N 
00010d19 N 
00010d19 N 
00010d19 N 
00010d19 N 
000060e1 N 
00010d19 N 
00010d19 N 
00010d19 N 
00010d19 N 
00010d19 N 
000060e1 N 
00010d19 N 
00010d19 N 
00010d19 N 
000060e1 N 
00010d19 N 
00010d19 N 
00010d19 N 
00010d19 N 
00010d19 N 
00010921 N 
00010921 N 
00010921 N 
00010921 N 
00010921 N 
00010921 N 
00010921 N 
00010921 N 
00010921 N 
00010921 N 
00010921 N 
00010921 N 
00010921 N 
00010921 N 
00003bcc N 
00010921 N 
00010921 N 
00010921 N 
00003bcc N 
00010921 N 
000060e1 N 
00010921 N 
00010921 N 
00010921 N 
00010921 N 
00010921 N 
00010921 N 
00003e72 N 
000060e1 N 
00010921 N 
00010921 N 
00010921 N 
00010921 N 
00010921 N 
00010921 N 
00010615 N 
00010615 N 
00010615 N 
000060e1 N 
00010615 N 
00010615 N 
00010615 N 
00010615 N 
00010615 N 
00010615 N 
00010615 N 
00010615 N 
00010615 N 
00003e72 N 
00010615 N 
00010615 N 
00010615 N 
00010615 N 
00003e72 N 
00010615 N 
00010615 N 
00010615 N 
00010615 N 
00010615 N 
00010615 N 
00010615 N 
00010615 N 
00010615 N 
00010615 N 
00010615 N 
00010615 N 
00010615 N 
00010615 N 
00010250 N 
00010250 N 
00010250 N 
00010250 N 
00010250 N 
00010250 N 
00010250 N 
00010250 N 
00010250 N 
00010250 N 
00010250 N 
00010250 N 
00010250 N 
00010250 N 
00010250 N 
00010250 N 
00010250 N 
00010250 N 
00010250 N 
00010250 N 
00010250 N 
00010250 N 
00010250 N 
00010250 N 
000060e1 N 
00010250 N 
00010250 N 
00010250 N 
00010250 N 
00010250 N 
00010250 N 
000060e1 N 
00010250 N 
00010250 N 
000060e1 N 
00010058 N 
00010058 N 
00010058 N 
00010058 N 
000060e1 N 
000060e1 N 
00010058 N 
00010058 N 
00010058 N 
00010058 N 
00010058 N 
00010058 N 
00010058 N 
00010058 N 
00010058 N 
00010058 N 
00010058 N 
00010058 N 
00010058 N 
00010058 N 
000060e1 N 
00010058 N 
00010058 N 
00010058 N 
00010058 N 
00010058 N 
00010058 N 
00010058 N 
00010058 N 
00010058 N 
00010058 N 
00010058 N 
00010058 N 
00010058 N 
00010058 N 
0000fdcb N 
0000fdcb N 
0000fdcb N 
0000fdcb N 
0000fdcb N 
0000fdcb N 
0000fdcb N 
0000fdcb N 
0000fdcb N 
0000fdcb N 
0000fdcb N 
0000fdcb N 
0000fdcb N 
0000fdcb N 
0000fdcb N 
0000fdcb N 
0000fdcb N 
0000fdcb N 
0000fdcb N 
0000fdcb N 
0000fdcb N 
0000fdcb N 
0000fdcb N 
0000fdcb N 
0000fdcb N 
0000fdcb N 
0000fdcb N 
0000fdcb N 
0000fdcb N 
0000fdcb N 
0000fdcb N 
0000fb51 N 
0000fb51 N 
0000fb51 N 
000060e1 N 
0000fb51 N 
0000fb51 N 
0000fb51 N 
0000fb51 N 
0000fb51 N 
0000fb51 N 
0000fb51 N 
0000fb51 N 
0000fb51 N 
0000fb51 N 
0000fb51 N 
0000fb51 N 
0000fb51 N 
0000fb51 N 
0000fb51 N 
0000fb51 N 
0000fb51 N 
0000fb51 N 
0000fb51 N 
0000fb51 N 
0000fb51 N 
0000fb51 N 
0000fb51 N 
0000fb51 N 
0000fb51 N 
0000fb51 N 
0000fb51 N 
0000f904 N 
0000f904 N 
0000f904 N 
0000f904 N 
0000f904 N 
0000f904 N 
0000f904 N 
0000f904 N 
0000f904 N 
0000f904 N 
0000f904 N 
0000f904 N 
0000666f N 
0000f904 N 
0000f904 N 
00003e72 N 
0000f904 N 
0000f904 N 
0000f904 N 
00003e72 N 
0000f904 N 
00003e72 N 
0000f904 N 
0000f904 N 
0000f904 N 
0000f904 N 
0000f904 N 
0000f904 N 
0000f904 N 
0000f904 N 
0000f904 N 
0000f904 N 
0000f904 N 
0000f904 N 
0000f41e N 
0000f41e N 
0000f41e N 
0000f41e N 
0000f41e N 
0000666f N 
0000f41e N 
0000f41e N 
0000f41e N 
0000f41e N 
0000f41e N 
0000f41e N 
0000f41e N 
0000f41e N 
0000f41e N 
0000f41e N 
0000f41e N 
0000f41e N 
0000f41e N 
0000666f N 
0000f41e N 
0000f41e N 
0000f41e N 
0000f41e N 
0000f41e N 
0000f41e N 
0000f41e N 
0000f41e N 
0000f41e N 
0000666f N 
0000f41e N 
0000f41e N 
0000f41e N 
0000f41e N 
0000f1b9 N 
0000f1b9 N 
0000f1b9 N 
0000f1b9 N 
0000f1b9 N 
0000f1b9 N 
0000f1b9 N 
0000f1b9 N 
0000f1b9 N 
0000f1b9 N 
0000f1b9 N 
0000f1b9 N 
0000f1b9 N 
0000f1b9 N 
0000f1b9 N 
0000f1b9 N 
0000f1b9 N 
0000f1b9 N 
0000f1b9 N 
0000f1b9 N 
0000f1b9 N 
0000f1b9 N 
0000f1b9 N 
0000f1b9 N 
0000f1b9 N 
0000f1b9 N 
0000f1b9 N 
0000f1b9 N 
0000f1b9 N 
0000f1b9 N 
0000f1b9 N 
0000ed3f N 
0000ed3f N 
0000ed3f N 
0000ed3f N 
0000ed3f N 
0000ed3f N 
0000ed3f N 
0000ed3f N 
0000ed3f N 
0000ed3f N 
0000ed3f N 
0000ed3f N 
0000ed3f N 
0000ed3f N 
0000ed3f N 
0000ed3f N 
0000ed3f N 
0000ed3f N 
0000ed3f N 
0000ed3f N 
0000ed3f N 
0000ed3f N 
0000ed3f N 
0000ed3f N 
0000ed3f N 
0000ed3f N 
0000ed3f N 
0000ed3f N 
0000ed3f N 
0000ed3f N 
0000ed3f N 
0000ed3f N 
0000ea69 N 
0000ea69 N 
0000ea69 N 
0000ea69 N 
0000ea69 N 
0000ea69 N 
0000ea69 N 
0000ea69 N 
0000ea69 N 
0000ea69 N 
0000ea69 N 
0000ea69 N 
0000ea69 N 
0000ea69 N 
0000ea69 N 
0000ea69 N 
0000ea69 N 
0000ea69 N 
0000ea69 N 
0000ea69 N 
0000ea69 N 
0000ea69 N 
0000666f N 
0000ea69 N 
0000ea69 N 
0000ea69 N 
0000ea69 N 
0000ea69 N 
0000666f N 
0000ea69 N 
0000ea69 N 
0000ea69 N 
0000ea69 N 
0000ea69 N 
0000e895 N 
0000e895 N 
0000e895 N 
0000e895 N 
0000666f N 
0000e895 N 
0000e895 N 
0000e895 N 
0000e895 N 
0000e895 N 
0000e895 N 
0000e895 N 
0000e895 N 
0000e895 N 
0000e895 N 
0000e895 N 
0000e895 N 
0000e895 N 
00003e72 N 
0000e895 N 
0000e895 N 
0000e895 N 
0000e895 N 
0000e895 N 
0000e895 N 
0000e895 N 
0000e895 N 
0000e895 N 
0000e895 N 
0000e895 N 
0000e895 N 
0000e895 N 
0000666f N 
00003e72 N 
0000e895 N 
0000e895 N 
0000e895 N 
0000e895 N 
0000e895 N 
0000e29d N 
0000e29d N 
0000e29d N 
0000e29d N 
00003e72 N 
0000e29d N 
0000e29d N 
0000e29d N 
0000e29d N 
0000e29d N 
0000e29d N 
00003e72 N 
0000e29d N 
0000e29d N 
0000e29d N 
0000e29d N 
00003e72 N 
0000e29d N 
0000666f N 
0000e29d N 
0000e29d N 
0000e29d N 
0000e29d N 
0000e29d N 
000045bc N 
0000e29d N 
0000e29d N 
0000e29d N 
0000e29d N 
0000e29d N 
0000e29d N 
0000e29d N 
0000e29d N 
0000e29d N 
0000e29d N 
0000e29d N 
0000e29d N 
0000e29d N 
0000666f N 
0000dd86 N 
0000666f N 
0000dd86 N 
0000dd86 N 
00003e72 N 
0000dd86 N 
0000dd86 N 
0000666f N 
0000dd86 N 
0000dd86 N 
0000dd86 N 
0000dd86 N 
0000dd86 N 
0000dd86 N 
0000dd86 N 
0000dd86 N 
0000dd86 N 
0000dd86 N 
0000dd86 N 
0000dd86 N 
0000dd86 N 
00003e72 N 
0000dd86 N 
0000dd86 N 
0000dd86 N 
0000dd86 N 
0000dd86 N 
0000dd86 N 
0000dd86 N 
0000dd86 N 
0000dd86 N 
0000dd86 N 
0000dd86 N 
0000dd86 N 
0000dd86 N 
0000dd86 N 
0000dd86 N 
0000d851 N 
0000d851 N 
0000d851 N 
0000d851 N 
0000d851 N 
0000666f N 
0000d851 N 
0000d851 N 
00003e72 N 
0000d851 N 
0000d851 N 
00003e72 N 
0000d851 N 
0000d851 N 
0000d851 N 
0000d851 N 
0000d851 N 
0000d851 N 
0000666f N 
0000d851 N 
0000666f N 
00003e72 N 
00003e72 N 
0000d851 N 
0000d851 N 
0000d851 N 
0000666f N 
00003e72 N 
0000d851 N 
0000d851 N 
0000d851 N 
0000d851 N 
0000d851 N 
000045bc N 
0000d851 N 
0000666f N 
0000666f N 
0000d851 N 
0000d851 N 
0000d851 N 
0000d851 N 
0000666f N 
0000d851 N 
0000d851 N 
0000666f N 
0000d50f N 
0000d50f N 
0000d50f N 
0000d50f N 
0000d50f N 
0000d50f N 
0000d50f N 
0000d50f N 
0000d50f N 
0000d50f N 
0000d50f N 
0000d50f N 
0000d50f N 
0000d50f N 
0000d50f N 
0000d50f N 
0000d50f N 
0000d50f N 
0000d50f N 
0000d50f N 
0000d50f N 
0000d50f N 
0000d50f N 
0000d50f N 
0000d50f N 
00003e72 N 
0000d50f N 
0000d50f N 
0000d50f N 
0000d50f N 
0000d50f N 
0000d50f N 
0000d50f N 
0000d50f N 
0000ce84 N 
0000ce84 N 
0000ce84 N 
0000ce84 N 
0000ce84 N 
0000ce84 N 
0000ce84 N 
0000ce84 N 
0000ce84 N 
0000ce84 N 
0000ce84 N 
00003e72 N 
0000ce84 N 
0000ce84 N 
0000ce84 N 
0000ce84 N 
0000ce84 N 
0000ce84 N 
0000ce84 N 
00003e72 N 
00003e72 N 
0000ce84 N 
0000666f N 
0000ce84 N 
0000ce84 N 
0000ce84 N 
0000ce84 N 
0000ce84 N 
0000ce84 N 
0000ce84 N 
00003e72 N 
0000ce84 N 
0000ce84 N 
0000ce84 N 
0000ce84 N 
0000ce84 N 
0000ce84 N 
0000ce84 N 
0000ccf1 N 
0000ccf1 N 
0000ccf1 N 
0000ccf1 N 
0000ccf1 N 
0000ccf1 N 
0000ccf1 N 
0000ccf1 N 
0000ccf1 N 
0000ccf1 N 
0000666f N 
00003e72 N 
0000ccf1 N 
0000ccf1 N 
0000ccf1 N 
0000ccf1 N 
0000ccf1 N 
0000ccf1 N 
0000ccf1 N 
0000666f N 
0000666f N 
0000ccf1 N 
0000ccf1 N 
0000ccf1 N 
0000ccf1 N 
0000ccf1 N 
0000ccf1 N 
0000ccf1 N 
0000ccf1 N 
0000ccf1 N 
0000ccf1 N 
0000ccf1 N 
0000ccf1 N 
0000ccf1 N 
000045bc N 
0000ccf1 N 
00003e72 N 
0000c9f5 N 
0000c9f5 N 
0000c9f5 N 
0000c9f5 N 
0000c9f5 N 
0000c9f5 N 
0000c9f5 N 
0000c9f5 N 
0000c9f5 N 
0000c9f5 N 
00003e72 N 
0000c9f5 N 
0000c9f5 N 
0000c9f5 N 
00003e72 N 
00003e72 N 
0000c9f5 N 
0000c9f5 N 
00006d8b N 
0000c9f5 N 
0000c9f5 N 
0000c9f5 N 
0000c9f5 N 
0000c9f5 N 
0000c9f5 N 
00003e72 N 
0000c9f5 N 
0000c9f5 N 
0000c792 N 
0000c792 N 
0000c792 N 
0000c792 N 
0000c792 N 
0000c792 N 
0000c792 N 
0000c792 N 
0000c792 N 
0000c792 N 
00003e72 N 
0000c792 N 
0000c792 N 
0000c792 N 
0000c792 N 
0000c792 N 
0000c792 N 
0000c792 N 
0000c792 N 
0000c792 N 
0000c792 N 
00003e72 N 
0000c792 N 
0000c792 N 
0000c792 N 
0000c792 N 
0000c792 N 
0000c792 N 
0000c792 N 
0000c54a N 
0000c54a N 
00003e72 N 
0000c54a N 
0000c54a N 
0000c54a N 
0000c54a N 
0000c54a N 
0000c54a N 
0000c54a N 
0000c54a N 
0000c54a N 
0000c54a N 
0000c54a N 
00003e72 N 
0000c54a N 
0000c54a N 
0000c54a N 
0000c54a N 
0000c54a N 
0000c54a N 
0000c54a N 
00003e72 N 
0000c54a N 
0000c54a N 
0000c54a N 
0000c54a N 
00003e72 N 
0000c54a N 
0000c54a N 
0000c2a0 N 
0000c2a0 N 
0000c2a0 N 
0000c2a0 N 
0000c2a0 N 
0000c2a0 N 
0000c2a0 N 
0000c2a0 N 
00003e72 N 
0000c2a0 N 
0000c2a0 N 
0000c2a0 N 
0000c2a0 N 
00006d8b N 
0000c2a0 N 
0000c2a0 N 
0000c2a0 N 
0000c2a0 N 
00006d8b N 
0000c2a0 N 
0000c2a0 N 
0000c2a0 N 
0000c2a0 N 
0000c2a0 N 
0000c2a0 N 
0000c2a0 N 
0000bc7f N 
0000bc7f N 
0000bc7f N 
0000bc7f N 
0000bc7f N 
0000bc7f N 
00003e72 N 
0000bc7f N 
0000bc7f N 
0000bc7f N 
0000bc7f N 
0000bc7f N 
0000bc7f N 
0000bc7f N 
0000bc7f N 
0000bc7f N 
0000bc7f N 
0000bc7f N 
0000bc7f N 
0000bc7f N 
0000bc7f N 
0000bc7f N 
0000bc7f N 
00006d8b N 
0000bc7f N 
0000bc7f N 
0000bbde N 
0000bbde N 
0000bbde N 
0000bbde N 
0000bbde N 
0000bbde N 
00003e72 N 
0000bbde N 
0000bbde N 
0000bbde N 
00006d8b N 
0000bbde N 
0000bbde N 
0000bbde N 
0000bbde N 
0000bbde N 
0000bbde N 
0000bbde N 
0000bbde N 
0000bbde N 
0000bbde N 
0000bbde N 
0000bbde N 
0000bbde N 
0000bbde N 
0000b615 N 
0000b615 N 
0000b615 N 
00006d8b N 
0000b615 N 
0000b615 N 
0000b615 N 
0000b615 N 
00003e72 N 
00006d8b N 
0000b615 N 
0000b615 N 
0000b615 N 
0000b615 N 
0000b615 N 
0000b615 N 
0000b615 N 
0000b615 N 
0000b615 N 
0000b615 N 
0000b615 N 
0000b615 N 
0000b615 N 
0000b615 N 
0000b615 N 
0000b615 N 
0000b615 N 
0000b414 N 
0000b414 N 
0000b414 N 
0000b414 N 
00006d8b N 
0000b414 N 
0000b414 N 
0000b414 N 
0000b414 N 
0000b414 N 
0000b414 N 
0000b414 N 
0000b414 N 
0000b414 N 
0000b414 N 
0000b414 N 
0000b414 N 
0000b414 N 
0000b414 N 
0000b414 N 
0000b414 N 
0000b414 N 
0000b414 N 
0000ad9e N 
0000ad9e N 
0000ad9e N 
0000ad9e N 
0000ad9e N 
0000ad9e N 
00006d8b N 
0000ad9e N 
0000ad9e N 
0000ad9e N 
0000ad9e N 
0000ad9e N 
0000ad9e N 
00006d8b N 
0000ad9e N 
0000ad9e N 
0000ad9e N 
0000ad9e N 
0000ad9e N 
0000ad9e N 
0000ad9e N 
0000ad9e N 
0000ad9e N 
0000ad9e N 
0000ad9e N 
0000ad9e N 
00006d8b N 
0000ab83 N 
0000ab83 N 
0000ab83 N 
0000ab83 N 
0000ab83 N 
0000ab83 N 
0000ab83 N 
0000ab83 N 
00006d8b N 
00006d8b N 
00003e72 N 
0000ab83 N 
0000ab83 N 
0000ab83 N 
00003e72 N 
0000ab83 N 
0000ab83 N 
0000ab83 N 
0000ab83 N 
0000ab83 N 
00003e72 N 
0000ab83 N 
0000ab83 N 
0000ab83 N 
0000ab83 N 
0000ab83 N 
0000ab83 N 
0000ab83 N 
0000aadf N 
0000aadf N 
0000aadf N 
0000aadf N 
0000aadf N 
0000aadf N 
0000aadf N 
0000aadf N 
0000aadf N 
0000aadf N 
00006d8b N 
0000aadf N 
0000aadf N 
0000aadf N 
00003e72 N 
0000aadf N 
0000aadf N 
0000aadf N 
0000aadf N 
0000aadf N 
00003e72 N 
00003e72 N 
0000aadf N 
0000aadf N 
0000aadf N 
0000aadf N 
0000a565 N 
00003e72 N 
00003e72 N 
0000a565 N 
0000a565 N 
0000a565 N 
0000a565 N 
0000a565 N 
0000a565 N 
0000a565 N 
0000a565 N 
0000a565 N 
0000a565 N 
0000a565 N 
0000a565 N 
0000a565 N 
0000a565 N 
00006d8b N 
0000a565 N 
0000a565 N 
00006d8b N 
0000a565 N 
00006d8b N 
0000a565 N 
00003e72 N 
0000a565 N 
0000a565 N 
0000a565 N 
0000a565 N 
00009fc1 N 
00009fc1 N 
00009fc1 N 
00003e72 N 
00003e72 N 
00009fc1 N 
00009fc1 N 
00009fc1 N 
00009fc1 N 
00009fc1 N 
00009fc1 N 
00009fc1 N 
00009fc1 N 
00009fc1 N 
00009fc1 N 
00009fc1 N 
00009fc1 N 
00003e72 N 
00009fc1 N 
000045bc N 
00009fc1 N 
000045bc N 
00009fc1 N 
00009fc1 N 
00009fc1 N 
00009fc1 N 
00006d8b N 
00009fc1 N 
00009fc1 N 
00006d8b N 
00009eb2 N 
00009eb2 N 
00009eb2 N 
00009eb2 N 
00006d8b N 
000045bc N 
00009eb2 N 
00009eb2 N 
00009eb2 N 
00006d8b N 
00009eb2 N 
00006d8b N 
00009eb2 N 
00009eb2 N 
00009eb2 N 
000045bc N 
00009eb2 N 
00009eb2 N 
000045bc N 
00006d8b N 
00009eb2 N 
00009eb2 N 
00009eb2 N 
00009eb2 N 
00009eb2 N 
000074a9 N 
00009eb2 N 
00009eb2 N 
00009eb2 N 
00009eb2 N 
00009eb2 N 
000045bc N 
000074a9 N 
0000991f N 
0000991f N 
000045bc N 
0000991f N 
000074a9 N 
0000991f N 
0000991f N 
0000991f N 
0000991f N 
0000991f N 
0000991f N 
0000991f N 
0000991f N 
0000991f N 
0000991f N 
0000991f N 
0000991f N 
0000991f N 
0000991f N 
0000991f N 
0000991f N 
0000991f N 
0000991f N 
0000991f N 
0000991f N 
000097ac N 
000097ac N 
000097ac N 
000097ac N 
000097ac N 
000097ac N 
000097ac N 
000097ac N 
000097ac N 
000097ac N 
000097ac N 
000097ac N 
000097ac N 
000097ac N 
000097ac N 
000097ac N 
000097ac N 
000097ac N 
000097ac N 
000097ac N 
000097ac N 
000097ac N 
000097ac N 
00009196 N 
00009196 N 
000045bc N 
00009196 N 
00009196 N 
00009196 N 
00009196 N 
00009196 N 
00009196 N 
00009196 N 
00009196 N 
000045bc N 
00009196 N 
00009196 N 
00009196 N 
00009196 N 
000074a9 N 
00009196 N 
000045bc N 
00009196 N 
00009196 N 
00009196 N 
00009196 N 
00009196 N 
00009196 N 
00009196 N 
00009196 N 
00009196 N 
000088c6 N 
000074a9 N 
000088c6 N 
000045bc N 
000088c6 N 
000088c6 N 
000088c6 N 
000088c6 N 
000088c6 N 
000088c6 N 
000088c6 N 
000088c6 N 
000088c6 N 
000088c6 N 
000045bc N 
000045bc N 
000074a9 N 
000088c6 N 
000088c6 N 
000088c6 N 
000088c6 N 
000074a9 N 
000088c6 N 
000088c6 N 
000088c6 N 
000088c6 N 
000088c6 N 
000088c6 N 
000088c6 N 
000088c6 N 
00008825 N 
000045bc N 
00008825 N 
00008825 N 
00008825 N 
00008825 N 
00008825 N 
000045bc N 
00008825 N 
00008825 N 
00008825 N 
000074a9 N 
000045bc N 
00008825 N 
00008825 N 
00008825 N 
000074a9 N 
00008825 N 
00008825 N 
000074a9 N 
00008825 N 
00008825 N 
00008825 N 
00008825 N 
00008825 N 
00008825 N 
00008825 N 
00008825 N 
00008825 N 
0000826c N 
000074a9 N 
000074a9 N 
0000826c N 
0000826c N 
0000826c N 
0000826c N 
0000826c N 
0000826c N 
0000826c N 
0000826c N 
000074a9 N 
0000826c N 
0000826c N 
0000826c N 
0000826c N 
0000826c N 
0000826c N 
0000826c N 
0000826c N 
0000826c N 
0000826c N 
000074a9 N 
0000826c N 
0000826c N 
0000826c N 
0000826c N 
00007ce5 N 
00007ce5 N 
000074a9 N 
00007ce5 N 
00007ce5 N 
00007ce5 N 
00007ce5 N 
00007ce5 N 
000045bc N 
00007ce5 N 
00007ce5 N 
00007ce5 N 
000074a9 N 
000074a9 N 
00007ce5 N 
00007ce5 N 
00007ce5 N 
000074a9 N 
00007ce5 N 
00007ce5 N 
00007ce5 N 
000045bc N 
00007ce5 N 
00007ce5 N 
00007ce5 N 
00007ce5 N 
00007ce5 N 
00007ce5 N 
00007ce5 N 
00007bd1 N 
00007bd1 N 
00007bd1 N 
000074a9 N 
00007bd1 N 
00007bd1 N 
00007bd1 N 
00007bd1 N 
00007bd1 N 
00007bd1 N 
00007bd1 N 
00007bd1 N 
00007bd1 N 
00007bd1 N 
000045bc N 
00007bd1 N 
00007bd1 N 
00007bd1 N 
00007bd1 N 
00007bd1 N 
00007bd1 N 
00007bd1 N 
00007bd1 N 
00007bd1 N 
00007bd1 N 
000074a9 N 
000074a9 N 
000074a9 N 
000074a9 N 
000074a9 N 
000074a9 N 
000045bc N 
0014e850 T __adddf3
00166128 T __any_on
00164b80 T __ascii_mbtowc
00166458 T __ascii_wctomb
001745d8 T __assert
00174578 T __assert_func
004666f0 B __atexit
0039fb3c D __atexit_recursive_mutex
00165c30 T __b2d
00163038 T __call_exitprocs
0045db20 B __cd0
0040df98 R __clz_tab
0014e180 T __clzdi2
00166090 T __copybits
0038d68c d __CTOR_END__
0038d680 d __CTOR_LIST__
0014e200 T __ctzdi2
00466860 B __cwd
00466960 B __cwd_len
00165dd8 T __d2b
00466a90 B __descriptor_data_pool
00466760 B __descriptormap
0014ebb0 T __divdf3
0014f298 T __divdi3
0017f5d8 t __do_global_ctors_aux
001049a0 t __do_global_dtors_aux
0038d694 D __DTOR_END__
0038d690 d __DTOR_LIST__
00163278 T __env_lock
00163288 T __env_unlock
0014ed38 T __eqdf2
001628c0 T __errno
0014e5a8 T __extendsfdf2
00177d60 T __fdman_deinit
00177e50 T __fdman_get_dup_descriptor
00177f58 T __fdman_get_dup2_descriptor
00177d80 T __fdman_get_new_descriptor
00177c90 T __fdman_init
00178020 T __fdman_release_descriptor
0039fba8 D __fdman_sema
0045db50 B __fileXio_fdman_ops_dir
0045dbb8 B __fileXio_fdman_ops_file
0045dc20 B __fileXio_fdman_path_ops
0045db14 B __fileXioBlockMode
00105358 T __fileXioCloseHelper
0038d7d0 D __fileXioCompletionSema
00105310 T __fileXioDcloseHelper
00105030 T __fileXioDreadHelper
00105668 T __fileXioGetFdHelper
00105650 T __fileXioGetFilenameHelper
001053a0 T __fileXioGetstatHelper
0045db18 B __fileXioInited
00105148 T __fileXioIoctl2Helper
001051a8 T __fileXioIoctlHelper
00105238 T __fileXioLseek64Helper
00104f78 T __fileXioLseekDirHelper
00105280 T __fileXioLseekHelper
00105680 T __fileXioOpenHelper
0038d5f8 t __fileXioOpsInitialize
00104cc8 T __fileXioOpsInitializeImpl
001052c8 T __fileXioReadHelper
001051f0 T __fileXioWriteHelper
00466968 B __fio_fdman_ops_dir
004669d0 B __fio_fdman_ops_file
00466a38 B __fio_fdman_path_ops
00178e40 T __fioCloseHelper
00178e88 T __fioDcloseHelper
00178ff0 T __fioDreadHelper
00178e10 T __fioGetFdHelper
00178e28 T __fioGetFilenameHelper
001791b8 T __fioGetstatHelper
00178fa8 T __fioIoctlHelper
001790f8 T __fioLseekDirHelper
00178f18 T __fioLseekHelper
001791b0 T __fioMkdirHelper
00178c48 T __fioOpenHelper
0038d600 t __fioOpsInitialize
001786c0 T __fioOpsInitializeImpl
00178ed0 T __fioReadHelper
00178f60 T __fioWriteHelper
0014e328 T __fixdfdi
0014f088 T __fixdfsi
0014e2e8 T __fixsfdi
0014e3f8 T __fixunsdfdi
0014e280 T __fixunsdfsi
0014e370 T __fixunssfdi
0014e508 T __floatdidf
0014e478 T __floatdisf
0014eff0 T __floatsidf
0014e558 T __floatundidf
0014f1e0 T __floatunsidf
001583b8 t __fp_lock
001587e0 T __fp_lock_all
00158408 t __fp_unlock
00158818 T __fp_unlock_all
0014a930 T __fpclassifyd
00150ff8 T __fpcmp_parts_d
0045a2b0 r __func__.0
00450950 r __FUNCTION__.0
00450960 r __FUNCTION__.1
0014ee28 T __gedf2
00178ac0 T __get_drive
00163868 T __gethex
0017f0e8 T __getTlsStructFromThread
00174390 T __gettzinfo
0039f8a8 D __global_locale
0046c098 B __globalTls
0046c0a8 B __globalTlsLock
001780b8 W __gprof_cleanup
001780b0 W __gprof_init
0014edb0 T __gtdf2
0045b54c b __head
0040eb30 R __hexdig
00164410 T __hexnan
00164fc0 T __hi0bits
001651d0 T __i2b
0014b048 T __ieee754_hypot
0014b438 T __ieee754_pow
0014c560 T __ieee754_rem_pio2
0014cb08 T __ieee754_sqrt
00176dc8 T __init_cwd
0045dc40 B __intr_data
0014ab00 T __kernel_cos
0014d3a0 T __kernel_rem_pio2
0014ae48 T __kernel_sin
0046c0a0 B __keysUsed
0014ef18 T __ledf2
00178648 T __libcglue_init_stdio
001780c8 W __libpthreadglue_deinit
001780c0 W __libpthreadglue_init
00165088 T __lo0bits
00162350 T __locale_mb_cur_max
001623f8 T __localeconv_l
00466a68 B __lock___arc4random_mutex
00466a58 B __lock___at_quick_exit_mutex
00466710 B __lock___atexit_recursive_mutex
00466750 B __lock___dd_hash_mutex
00466730 B __lock___env_recursive_mutex
00466720 B __lock___malloc_recursive_mutex
00466700 B __lock___sfp_recursive_mutex
00466740 B __lock___tz_mutex
0038d7cc D __lock_sema_id
00177b78 T __locks_deinit
001779f8 T __locks_init
001656d0 T __lshift
0014eea0 T __ltdf2
0014f150 T __make_dp
00150cf8 T __make_fp
0039f488 D __malloc_av_
004664b0 B __malloc_current_mallinfo
00152108 T __malloc_lock
004664dc B __malloc_max_sbrked_mem
004664d8 B __malloc_max_total_mem
0039f480 D __malloc_sbrk_base
004664e0 B __malloc_top_pad
0039f484 D __malloc_trim_threshold
00152118 T __malloc_unlock
00164960 T __malloc_update_mallinfo
001643b0 T __match
0014d318 T __math_check_oflow
0014d2c8 T __math_check_uflow
0014d1e8 T __math_divzero
0014d258 T __math_invalid
0014d1c8 T __math_may_uflow
0014d1d8 T __math_oflow
0014d1b8 T __math_uflow
0046c0a4 B __maxTlsValues
00165890 T __mcmp
00165900 T __mdiff
0014f978 T __moddi3
0045b548 b __modelSupportsGetGsDxDyOffset
0040e878 R __month_lengths
0040ec68 R __mprec_bigtens
0040ec90 R __mprec_tens
0040ec40 R __mprec_tinytens
0014e900 T __muldf3
0014f258 T __muldi3
00164cc0 T __multadd
001652b8 T __multiply
0017f560 T __nedf2
00150d30 T __pack_d
00151130 T __pack_f
001780d0 T __path_absolute
00165550 T __pow5mult
0017eec0 T __pteTlsAlloc
0017ef80 T __pteTlsSetValue
00165f48 T __ratio
001778f8 T __retarget_lock_acquire
00177900 T __retarget_lock_acquire_recursive
001778c8 T __retarget_lock_close_recursive
00177860 T __retarget_lock_init_recursive
00177978 T __retarget_lock_release
00177980 T __retarget_lock_release_recursive
00164e28 T __s2b
00173990 t __sbprintf
00157620 t __sbprintf
00460c40 B __sbuff
00173e80 T __sccl
0015ac08 T __sclose
0015ab00 T __seofread
004664e8 B __sf
00173b50 T __sflags
00157920 T __sflush_r
001585c8 T __sfp
001587c0 T __sfp_lock_acquire
001587d0 T __sfp_lock_release
00159288 T __sfvwrite_r
0039f890 D __sglue
0015e3f0 T __sigtramp
0015e118 T __sigtramp_r
00158740 T __sinit
00173c28 T __smakebuf_r
00157708 T __sprint_r
0015aa98 T __sread
0015a030 T __srefill_r
0015a330 T __srget
0015a278 T __srget_r
0015aba0 T __sseek
00173a78 T __ssprint_r
00176b28 T __ssputs_r
00167e10 T __ssrefill_r
00168068 T __ssvfiscanf_r
0016da68 T __ssvfscanf_r
001018e8 T __start
00466638 B __stdio_exit_handler
0015fc38 t __strftime.isra.0
0015d108 T __strtok_r
0014e8a0 T __subdf3
00173f90 T __submore
0015afa8 T __swbuf
0015ae20 T __swbuf_r
00173d90 T __swhatbuf_r
0015ab08 T __swrite
0015afc0 T __swsetup_r
0040df80 R __thenan_df
0046c09c B __threadDataKey
0046c0b0 B __threadInfo
00409ab8 D __TMC_END__
001788f8 T __transform_errno
0014f188 T __truncdfsf2
00161aa0 T __tz_lock
00161ab0 T __tz_unlock
001616c0 T __tzcalc_limits
00466648 b __tzname_dst
00466658 b __tzname_std
001505e0 T __udivdi3
00165b80 T __ulp
00150020 T __umoddi3
0014ef90 T __unorddf2
00150f08 T __unpack_d
00150c10 T __unpack_f
00151320 T _atoi_r
00151340 T _atol_r
0045db48 b _backup_libcglue_fdman_path_ops
00164bd0 T _Balloc
00164c90 T _Bfree
0040ea30 R _C_time_locale
00151368 T _calloc_r
0017e7d0 T _CdCheckSCmd
00149f90 T _CdSemaExit
00149f00 T _CdSemaInit
0014a018 T _CdSyncS
00162d90 T _cleanupdir
00176fe0 T _close
00162420 T _close_r
0040e1c0 R _ctype_
0040e2c8 R _ctype_b
00466668 B _daylight
0040e818 r _DAYS_BEFORE_MONTH
0017d230 T _DisableDmac
0017c330 T _DisableIntc
0040d4e0 R _dist_code
00174820 T _dtoa_r
0045b184 D _edata
0017d220 T _EnableDmac
0017c320 T _EnableIntc
0052fde0 B _end
0052fde0 B _end_bss
00101968 T _exit
0045b200 D _fbss
00157748 T _fclose_r
001773a8 T _fcntl
001743a0 T _fcntl_r
0038d700 D _fdata
00157ba0 T _fflush_r
00157dd0 T _fgetc_r
00157fe0 T _fgets_r
001514d8 T _findenv
00151518 T _findenv_r
0038d64c T _fini
00469340 B _fio_block_mode
00469c00 B _fio_cd
003a0cb0 D _fio_completion_sema
00469344 B _fio_init
0017cd00 T _fio_intr
00469380 B _fio_intr_data
003a0cb4 D _fio_io_sema
0017a9f8 T _fio_read_intr
00469400 B _fio_recv_data
00155d70 T _fiprintf_r
00158850 T _fopen_r
0014e5e8 t _fpadd_parts
00158a38 T _fprintf_r
00158ac0 T _fputc_r
00158c98 T _fputs_r
00158e30 T _fread_r
001633e0 T _free_r
00159218 T _fseek_r
0015b180 T _fseeko_r
00177260 T _fstat
00162490 T _fstat_r
00159238 T _ftell_r
0015b7a8 T _ftello_r
00100000 T _ftext
001597f8 T _fwalk_sglue
001598c0 T _fwrite_r
00105d20 t _fxio_intr
00105be0 t _fxio_intr
00105f48 t _fxio_intr
00105850 t _fxio_intr
00106eb8 t _fxio_intr
00106090 t _fxio_intr
00105e30 t _fxio_intr
001061c8 t _fxio_intr
001062f8 t _fxio_intr
00106678 t _fxio_intr
00106788 t _fxio_intr
001068d0 t _fxio_intr
00106a28 t _fxio_intr
00106c88 t _fxio_intr
00106b58 t _fxio_intr
00106da0 t _fxio_intr
00105a60 t _fxio_intr
00151670 T _getenv_r
00179560 T _GetGsDxDyOffset
00177710 T _getpid
00162760 T _getpid_r
00177798 T _gettimeofday
00162508 T _gettimeofday_r
00463170 R _gp
0039fba4 d _heap_ptr.0
ffffffff A _heap_size
0017c350 T _iGetThreadId
00468700 B _ih_caps
00468708 B _ih_cd
0039fa18 D _impure_data
0045b180 D _impure_ptr
0038d608 T _init
0038d7c4 d _init_count.1
0015e378 T _init_signal
0015df48 T _init_signal_r
0017bc70 T _InitSys
0017c410 T _InitTLB
004687a8 B _iop_reboot_count
00174500 T _isatty
00174418 T _isatty_r
0017c370 T _iWakeupThread
00468fc0 B _kExecArg
00177718 T _kill
001626e8 T _kill_r
0040d3e0 R _length_code
00469c38 B _lf_cd
00469c30 B _lf_init
00176d38 W _libcglue_args_parse
00176d08 W _libcglue_deinit
0039fba0 D _libcglue_fdman_path_ops
00176cc8 W _libcglue_init
00177bf0 T _libcglue_rtc_get_offset_from_busclk
00177c50 W _libcglue_rtc_update
00177c00 T _libcglue_rtc_update_impl
00177c70 W _libcglue_timezone_update
001789b0 T _libcglue_timezone_update_impl
00162400 T _localeconv_r
00177580 T _lseek
00162580 T _lseek_r
001003c8 t _main
001649f0 T _mallinfo_r
001516b0 T _malloc_r
00164ad0 T _malloc_stats_r
00163298 T _malloc_trim_r
00154d40 T _mallopt_r
001769b8 T _mbrtowc_r
00164b70 T _mbtowc_r
00154b38 T _memalign_r
00178920 T _mkdir
00166000 T _mprec_log10
00152178 T _mstats_r
00176e70 T _open
001625f8 T _open_r
00162938 t _opendir_common
0017e328 T _perror_r
00159b28 T _printf_r
0017d5c8 W _ps2sdk_deinit_timer
0017d0e0 T _ps2sdk_deinit_timer_impl
00104c00 T _ps2sdk_fileXio_deinit
00104be0 T _ps2sdk_fileXio_init
0017d058 W _ps2sdk_init_timer
0017d0c0 T _ps2sdk_init_timer_impl
00466a78 B _ps2sdk_rtc_offset_from_busclk
00159bc0 T _putc_r
00159e40 T _puts_r
0015e060 T _raise_r
00469c60 b _rb_count.0
0045db10 b _rb_count.0
00469c28 b _rb_count.0
00468730 b _rb_count.0
00466ec0 b _rb_count.0
00469054 b _rb_count.1
0045b894 b _rb_count.1
001770a8 T _read
00162670 T _read_r
001522c0 T _realloc_r
0015a218 T _remove_r
00179d18 t _request_bind
00179be0 t _request_call
00179c70 t _request_end
00179b80 t _request_rdata
0017c960 T _rpc_get_fpacket
0017c890 T _rpc_get_packet
00177730 T _sbrk
00162768 T _sbrk_r
00162c48 T _seekdir
00154e28 T _setenv_r
001622b8 T _setlocale_r
0017c3b0 T _SetTLBEntry
00167ed0 T _sfread_r
00469000 B _sif_cmd_data
0039fbc0 D _sif_rpc_data
0017d390 T _SifCmdIntHandler
0017cdc0 T _SifLoadModuleBuffer
0017d250 T _SifSendCmd
0015dfb0 T _signal_r
00166518 T _siscanf_r
0045b540 b _slib_cur_exp_lib_list
001665a8 T _sniprintf_r
0015a708 T _snprintf_r
0015a880 T _sprintf_r
0015aa08 T _sscanf_r
ffffffff A _stack
00080000 A _stack_size
001771c8 T _stat
00174488 T _stat_r
0015c4e8 T _strdup_r
0015c558 T _strerror_r
001529b0 T _strtod_l
001546a8 T _strtod_r
00154858 t _strtol_l.isra.0
00154ae8 T _strtol_r
001762f8 t _strtoll_l.isra.0
00176638 T _strtoll_r
001661b0 t _strtoul_l.isra.0
00166410 T _strtoul_r
00176670 t _strtoull_l.isra.0
00176980 T _strtoull_r
00167cd8 T _sungetc_r
00166720 T _svfiprintf_r
0016a2b0 T _svfprintf_r
0017c420 T _SyncDCache
00466664 B _timezone
00139990 T _tr_align
001398f0 T _tr_flush_bits
00139b18 T _tr_flush_block
001396c8 T _tr_init
00139778 T _tr_stored_block
0013a190 T _tr_tally
0039f8a0 D _tzname
00162290 T _tzset_r
00161ac0 T _tzset_unlocked
00161af8 T _tzset_unlocked_r
00174068 T _ungetc_r
00177690 T _unlink
001627d8 T _unlink_r
001550f8 T _unsetenv_r
0015deb0 T _user_strerror
00155df8 T _vfiprintf_r
00170160 T _vfprintf_r
0015acb8 T _vsnprintf_r
0015adc8 T _vsprintf_r
00166448 T _wctomb_r
00177138 T _write
00162848 T _write_r
00231368 T A_1upThinker
0022c238 T A_ArrowBonks
002335b8 T A_AttractChase
00232df0 T A_AwardScore
00238fa8 T A_Boss1Chase
0022f650 T A_Boss1Laser
0023bc18 T A_Boss1Spikeballs
002393e0 T A_Boss2Chase
00239a50 T A_Boss2Pogo
0023a390 T A_Boss2PogoSFX
0023a5a0 T A_Boss2PogoTarget
00239c90 T A_Boss2TakeDamage
0023bdd0 T A_Boss3Path
0023c240 T A_Boss3ShockThink
0023bdb8 T A_Boss3TakeDamage
00230600 T A_Boss4Raise
002304f8 T A_Boss4Reverse
002305c8 T A_Boss4SpeedUp
00246870 T A_Boss5BombExplode
00245df8 T A_Boss5Calm
00245fb8 T A_Boss5CheckFalling
00245e20 T A_Boss5CheckOnGround
00245c70 T A_Boss5ExtraRepeat
002451f0 T A_Boss5FindWaypoint
002443b8 T A_Boss5Jump
00228950 t A_Boss5Jump.part.0
00246130 T A_Boss5MakeItRain
00246240 T A_Boss5MakeJunk
00246040 T A_Boss5PinchShot
00239d28 T A_Boss7Chase
0022ef90 T A_Boss7FireMissiles
00231d78 T A_BossDeath
0022eb98 T A_BossFireShot
0023d850 T A_BossJetFume
00230f48 T A_BossScream
00230d78 T A_BossZoom
00241a78 T A_BrakChase
00241ed0 T A_BrakFireShot
00242068 T A_BrakLobShot
00233588 T A_BubbleCheck
00233450 T A_BubbleRise
00233098 T A_BubbleSpawn
00232fe8 T A_BunnyHop
0023b060 T A_BuzzFly
002476a0 T A_CanarivoreGas
002365a8 T A_CapeChase
0023cc38 T A_ChangeAngleAbsolute
0023cbd0 T A_ChangeAngleRelative
0023d280 T A_ChangeColorAbsolute
0023d230 T A_ChangeColorRelative
002493b8 T A_ChangeHeight
0023cd58 T A_ChangeRollAngleAbsolute
0023ccf0 T A_ChangeRollAngleRelative
0022a568 T A_Chase
0023fea8 T A_CheckAmbush
0022bc90 T A_CheckBuddy
0023ff98 T A_CheckCustomValue
0023ffc8 T A_CheckCusValMemo
002451c0 T A_CheckFlags2
0023fa08 T A_CheckHealth
0023fb58 T A_CheckHeight
0023f848 T A_CheckRandom
0023fa38 T A_CheckRange
0023f958 T A_CheckRings
0023f910 T A_CheckTargetRings
0023fd30 T A_CheckThingCount
0023f9b0 T A_CheckTotalRings
0023fc38 T A_CheckTrueRange
00235cb0 T A_ChickenCheck
00244a40 T A_ConnectToGround
00237348 T A_CrawlaCommanderThink
0022cbc0 T A_CrushclawAim
0022ce80 T A_CrushclawLaunch
0022cb18 T A_CrushstaceanPunch
0022c9a8 T A_CrushstaceanWalk
00245148 T A_CryingToMomma
0023f340 T A_Custom3DRotate
00232a30 T A_CustomPower
002403b8 T A_CusValAction
00247060 T A_DebrisRandom
002360e8 T A_DetonChase
00245a40 T A_DoNPCPain
002457e0 T A_DoNPCSkid
00248fd0 T A_DragonbomberSpawn
00249248 T A_DragonSegment
00249188 T A_DragonWing
002339e8 T A_DropMine
0023e150 T A_DualAction
00246970 T A_DustDevilThink
0023d2c0 T A_Dye
0023ab78 T A_EggmanBox
0023b920 T A_EggShield
00231d58 T A_Explode
00232e68 T A_ExtraLife
0022a8c0 T A_FaceStabChase
0022ad00 T A_FaceStabHurl
0022b220 T A_FaceStabMiss
0022abb8 T A_FaceStabRev
0022e518 T A_FaceTarget
0022e568 T A_FaceTracer
00244308 T A_FadeOverlay
00231330 T A_Fall
00248490 T A_FallingLavaCheck
002332a0 T A_FanBubbleSpawn
0023ce00 T A_FindTarget
0023cfe0 T A_FindTracer
0022e920 T A_FireShot
00248550 T A_FireShrink
00233bd8 T A_FishJump
00244208 T A_FlameParticle
00243320 T A_FlickyAim
00242cb0 T A_FlickyCenter
00243e40 T A_FlickyCheck
00243a88 T A_FlickyCoast
00243db0 T A_FlickyFlounder
00244158 T A_FlickyFlutter
002438e8 T A_FlickyFly
00243fd0 T A_FlickyHeightCheck
00243d98 T A_FlickyHop
00243970 T A_FlickySoar
00242b58 T A_FlickySpawn
002300e0 T A_FocusTarget
00240540 T A_ForceStop
00240560 T A_ForceWin
0023e8a0 T A_GhostMe
00232f00 T A_GiveShield
00232ad8 T A_GiveWeapon
002318f8 T A_GoldMonitorPop
00231be0 T A_GoldMonitorRestore
00231c00 T A_GoldMonitorSparkle
0023a340 T A_GoopSplat
00232f68 T A_GravityBox
0023b588 T A_GuardChase
00240980 T A_HomingChase
0022c1e8 T A_HoodFall
0022bcd8 T A_HoodFire
0022c038 T A_HoodThink
002406c8 T A_InfoState
0023f228 T A_InstaLoop
00232bc8 T A_Invincibility
00234f10 T A_JetbThink
00234ee8 T A_JetChase
0022a0a8 t A_JetChase.part.0
00235278 T A_JetgShoot
00235db0 T A_JetgThink
0022b6d8 T A_JetJawChomp
0022b5f8 T A_JetJawRoam
00247790 T A_KillSegments
0023ea70 T A_KnockBack
00248348 T A_LavafallLava
002481c8 T A_LavafallRocks
002443d8 T A_LightBeamReset
0023c698 T A_LinedefExecute
0023c720 T A_LinedefExecuteFromArg
0022e5b8 T A_LobShot
0022a450 T A_Look
002467e0 T A_LookForBetter
00247f20 T A_MinecartSparkThink
002445d8 T A_MineExplode
00244990 T A_MineRange
00235b18 T A_MinusCheck
002354f0 T A_MinusDigging
00235970 T A_MinusPopup
0023ee58 T A_MissileSplit
00238100 T A_MixUp
00248160 T A_ModuloToState
00231610 T A_MonitorPop
00235fb0 T A_MouseThink
0023d420 T A_MoveAbsolute
0023d3a0 T A_MoveRelative
0023ee98 T A_MultiShot
00244e10 T A_MultiShotDist
00242550 T A_NapalmScatter
00237d70 T A_OldRingExplode
0023e4f8 T A_OrbitNights
00234cc8 T A_OverlayThink
002312c8 T A_Pain
002450b0 T A_ParentTriesToSleep
0023c808 T A_PlayActiveSound
0023c7e8 T A_PlayAttackSound
0023c7a8 T A_PlaySeeSound
0023cdb8 T A_PlaySound
0022b828 T A_PointyThink
00245c60 T A_PrepareRepeat
002487b8 T A_PterabyteHover
0023ead8 T A_PushAway
0023e000 T A_RandomState
0023e050 T A_RandomStateRange
00238b78 T A_RecyclePowers
00240220 T A_RelayCustomValue
0023e250 T A_RemoteAction
00240898 T A_RemoteDamage
00240790 T A_Repeat
00232b50 T A_RingBox
0023ebf8 T A_RingDrain
00237bd8 T A_RingExplode
00236f30 T A_RockSpawn
0023cc98 T A_RollAngle
002489c8 T A_RolloutRock
00248890 T A_RolloutSpawn
002368b0 T A_RotateSpikeBall
00247da0 T A_SaloonDoorSpawn
00232fd8 T A_ScoreRise
00231260 T A_Scream
0023f7b0 T A_SearchForPlayers
0023fff8 T A_SetCustomValue
002372c8 T A_SetFuse
0023d738 T A_SetObjectFlags
0023d7f8 T A_SetObjectFlags2
0023e8e0 T A_SetObjectState
0023e948 T A_SetObjectTypeState
0023d1f0 T A_SetRandomTics
0023bbe8 T A_SetReactionTime
002407e8 T A_SetScale
002329b0 T A_SetShadowScale
002343d8 T A_SetSolidSteam
0023d690 T A_SetTargetsTarget
0023d1c0 T A_SetTics
0023d360 T A_SetTranslation
002329c0 T A_ShadowScream
0022c680 T A_SharpChase
0022c960 T A_SharpDecel
0022c828 T A_SharpSpin
0023c4c8 T A_Shockwave
002353d0 T A_ShootBullet
00234700 T A_SignPlayer
00234490 T A_SignSpin
0022e230 T A_SkimChase
00230638 T A_SkullAttack
002370e8 T A_SlingAppear
0023c828 T A_SmokeTrailer
0022c318 T A_SnailerThink
00247848 T A_SnapperSpawn
002479c0 T A_SnapperThinker
0023ae38 T A_SparkFollow
002427d0 T A_SpawnFreshCopy
0023c9a8 T A_SpawnObjectAbsolute
0023ca48 T A_SpawnObjectRelative
00244c90 T A_SpawnParticleRelative
002485b0 T A_SpawnPterabytes
00240660 T A_SpikeRetract
0023ec58 T A_SplitShot
0023e090 T A_StateRangeByAngle
0023e108 T A_StateRangeByParameter
0022b370 T A_StatueBurst
0022ea50 T A_SuperFireShot
00232cc8 T A_SuperSneakers
0023acd0 T A_SuperTurretFire
00233e30 T A_ThrownRing
0023d498 T A_Thrust
00246e38 T A_TNTExplode
0023e4a0 T A_ToggleFlameJet
002470d8 T A_TrainCameo
00247400 T A_TrainCameo2
00240c08 T A_TrapShot
0023abb8 T A_TurretFire
0023ade8 T A_TurretStop
00236aa8 T A_UnidusBall
00234478 T A_UnsetSolidSteam
00240160 T A_UseCusValMemo
00241068 T A_VileAttack
002413f8 T A_VileFire
00241728 T A_VileTarget
0022d908 T A_VultureBlast
0022d580 T A_VultureCheck
0022db60 T A_VultureFly
0022d5e0 T A_VultureHover
0022d440 T A_VultureVtol
00244ef0 T A_WhoCaresIfYourSonIsABee
0023d578 T A_ZThrust
001512f0 T abort
00163230 T abs
00177348 T access
005236f0 b ackpak
004ae1f0 B actioncachehead
003a1180 D actionpointers
004a3270 B activeMenuId
004731ce b activettscale
0050f194 b actualdigmusicvolume
0050f190 b actualmidimusicvolume
0050f198 b actualsfxvolume
002cb4a0 t Add_ColormapFader.constprop.0
002c93f8 t Add_Pusher
002c9d40 t Add_Scroller
0038ad28 t AddArg
0017d200 T AddDmacHandler
0037b828 t AddedFilesClearList
004797d0 B addedtogame
00179410 T AddIntcHandler
0017de50 T AddIntcHandler2
0038a8c8 T AddLuaFileToSendQueue
0035cd78 t AddLumpToCache
0038a5a8 T AddMServCommands
004077d8 d addons_cons_t
004a3421 b addons_localmode
00407750 d addons_md5_cons_t
0020ce80 T Addons_option_Onchange
00407690 d addons_search_type_cons_t
0046d2f0 b addonsdir
004a33b0 b addonsp
0052e1f8 B addontypes
0038a830 T AddRamToSendQueue
003421f0 t AddTextureToCache
004856a0 b addy
0013a738 T adler32
0013a740 T adler32_combine
0013a868 T adler32_combine64
0013a300 T adler32_z
00512820 B adminpasscount
00512824 B adminpassmd5
0052bed0 B adminplayers
0046d700 B advancedemo
00408078 d advancemap_cons_t
004be06c B aimingangle
0000e895 W alarm.c.28a3909a
0017e248 T AlarmHandler
0047ad84 b alias_skips.4
0045aa80 r align.1
004664e4 b alloced.0
0038a648 T AllocFileNeeded
0050cca8 b allWhiteRemap
0046c8dd B altdown
001be910 t AM_activateNewScale
001bea08 t AM_changeWindowLoc
001bebb0 t AM_clipMline.constprop.0
001c0738 T AM_Drawer
0047a710 b AM_drawFline
001bf368 t AM_drawFline_soft
001bf4d0 t AM_drawLineCharacter.constprop.0
0047a78c B am_recalc
001bfdb8 T AM_Responder
001beb10 t AM_setWindowPanning
001bf788 T AM_Start
001bf770 T AM_Stop
003a331c d am_stopped
001c03b8 T AM_Ticker
003a310b D ammoremovaltics
001b0a50 t Analog_OnChange
001b09e0 t Analog2_OnChange
004a1f50 b anceslevel
00306738 t AngleAdj
003068c8 T AngleFixed
00454f50 r angleturn
0048af28 b animatetic.0
004af008 b animdefs
004af010 b anims
00473288 b animtimer
003ef278 d antisplice.0
003ab5d8 d apng_delay_t
0047adb0 B aquamap
002a01b8 t ArchiveSide
0045d9a8 b args
0045daec b args_start
0052e0c4 B astate
0030c558 T ASTBlendPaletteIndexes
0030a5b8 T ASTBlendPixel
003ee3e8 D ASTTextureBlendingThreshold
00151308 T atof
00151310 T atoi
00151330 T atol
00473afa B autobalance
0037ac20 t AutoBalance_OnChange
001b0aa0 t AutoBrake_OnChange
001b0aa8 t AutoBrake2_OnChange
0047a78d B automapactive
0048b764 b autoring
0050cf50 B averageFPS
002216e8 T axtoi
0047ada8 B azuremap
00365fb0 T B_BuildTiccmd
00365df0 T B_CheckRespawn
00367078 T B_HandleFlightIndicator
00365a78 T B_KeysToTiccmd
00365de0 T B_MoveBlocked
00366e78 T B_RespawnBot
00365958 T B_UpdateBotleader
003a3448 d backcolor_cons_t
0045a610 r backgrounds
003a3528 d backpic_cons_t
004afa90 B backsector
00377490 T Ban_Add
00377410 t Ban_Clear
00377548 T Ban_Load_File
005292b0 B bannednode
00522e5a b bans_loaded
004a6328 b barrel
0040d2f0 r base_dist
0040d368 r base_length
0040f178 r basefix.0
0040f700 r basefix.0
004084a8 d basenumlaps_cons_t
0037ed78 t BaseNumLaps_OnChange
0036eb68 t BeginDownload
004a6404 b bestslidefrac
004a6400 b bestslideline
0048a334 B bflagico
00474bd4 B bflagpoint
0048afb0 b bgpatch
004a0f58 b bgscrollx.17
0048afac b bgtile
00138130 t bi_windup
0047a78f b bigstate
0039f478 D bindDiskReady
0039f47c D bindInit
0039f464 D bindNCmd
0039f46c D bindSCmd
0039f474 D bindSearchFile
0047add8 b bindtable
0040dbd8 r bl_order
0040eed8 r blanks.1
0040e5c8 r blanks.1
0040f8a8 r blanks.1
0040f320 r blanks.1
004b3098 b blendpal
0045a2f0 r BlendTab_Count
0045a2d0 r BlendTab_FromStyle
004b2fd0 b blendtab_lazy
0030d5b0 t BlendTab_Modulative.part.0
0030d2b0 t BlendTab_Subtractive
0030d468 t BlendTab_Translucent
004b4040 B blendtables
004a6418 B blockingline
004aef74 B blocklinks
004aef84 B blockmap
004aef80 B blockmaplump
004aed58 B bluectfstarts
00474bdc B blueflag
0047adc8 B bluemap
00473b28 B bluescore
0048b708 b bluestat
004ae204 b bmap_freelist
004aef88 B bmapheight
004aef7c B bmaporgx
004aef78 B bmaporgy
004aef8c B bmapwidth
0048a32c B bmatcico
004a63f0 b bombdamage
004a63e5 b bombdamagetype
0048b740 b bombshield
004a63e4 b bombsightcheck
004a63ec b bombsource
004a63e8 b bombspot
003a3768 D bonuses_list
0045a638 r bonuspatches
0047529c B bootmap
0046d758 B bootmapchanged
004aef94 B bossdisabled
00479868 B botcolor
004afa82 B bothceilingssky
004afa81 B bothfloorssky
0047986b B botingame
0047986a B botskin
004d087c b bottomfrac
004d0878 b bottomstep
004d0948 b bottomtexture
0048b76c b bouncering
0047ada4 B brownmap
0052de40 b bs.2
0048b730 b bubbleshield
0052bcb0 b buf.0
00407c2c d buf_p.1
0045b680 b buffer
00138308 t build_tree
0052c339 b busy.5
0048b704 b byelstat
0048a344 b c_input
0048a340 b c_selection
00324538 t CalcSlopeLightVectors
00325bf8 t CalcSlopePlaneVectors
00302278 t CalculateNormalDir
0026c938 t CalculatePrecipFloor
0039f470 D callbackSemaId
004663ac B callbackThreadId
00466388 B callbackThreadParam
00151350 T calloc
003a1aa8 d callpagenum
003a1aa4 d callplayer
003a1aac d callpromptnum
004af198 B camera
004af150 B camera2
004a6344 b camerascanned.0
004a6345 b camerascanned2.1
003de230 d campos_cons_t
004af148 b camsideshift.1
004736f0 b camtoggledelay
004736ec b camtoggledelay2
003840c8 T CanChangeSkin
0046c8dc B capslock
0048b628 b capsulebar
0048b624 b capsulefill
003592b0 t Captioning_OnChange
0045d988 b cb_queue
0045d900 b cb_rpc_buffer.0
0045d940 b cb_srv
004663ec B cbSema
00512284 b cbuf
0045d8a0 b cd0
004663e8 B CdCallbackNum
00465840 B CdConfigRdWrNumBlocks
004663f0 B CdDebug
00397530 D cdfs_irx
004662c0 B cdInitRecvBuff
004663e0 B CdThreadId
004663b0 B CdThreadParam
003a3690 d cechoduration
00489e98 b cechoflags
00489ea0 b cechotext
00489e9c b cechotimer
004c2608 B ceilingclip
004a641c B ceilingline
004cfb34 B ceilingplane
003a2450 d centertoggle_cons_t
004736d0 b centerviewhold.3
004be09c B centerx
004be094 B centerxfrac
004be098 B centery
004be090 B centeryfrac
0052cd80 b chain
00409370 d chances_cons_t
0017c508 t change_addr
0017de80 T ChangeGP
00179470 T ChangeThreadPriority
0050f204 b channels
004a351c b char_notes
003ab390 D char_on
004a3428 b char_scroll
004a342c b charseltimer
003200a8 t ChaseCam_OnChange
003200e8 t ChaseCam2_OnChange
001cb148 t Chat_DeleteSelection
00485ec0 b chat_log
00489e80 b chat_maxscroll
004856c8 b chat_mini
00489e90 b chat_nummsg_log
00489e8c b chat_nummsg_min
0048a429 B chat_on
0048a428 B chat_on_first_event
00489e88 b chat_scroll
004856a2 b chat_scrollmedown
00489e84 b chat_scrolltime
004856a8 b chat_timers
003a2ba0 d chatcursor_cons_t
003a2f60 d chatheight_cons_t
003a2d40 d chatopacity_cons_t
003a2d70 d chatsnapx_cons_t
003a2d58 d chatsnapy_cons_t
003a3000 d chattime_cons_t
003a2fb0 d chatwidth_cons_t
003a2da0 d chatx_cons_t
003a2d88 d chaty_cons_t
00177610 T chdir
003a3c88 d cheat_ultimate
003a3c70 d cheat_ultimate_joy
003a3c58 d cheat_warp
003a3c40 d cheat_warp_joy
0048b8a0 b cheat_xlate_table
001efd30 t cheatf_ultimate
001f00c0 t cheatf_warp
001236e0 t check_location
004a33e8 b check_on
002974a0 t CheckAddNetColormapToList
0035c830 t CheckConcatFolderPath
003ee328 D checkcoord
0038ab58 T checkfilemd5
00473b1d B CheckForBouncySector
00473b1e B CheckForBustableBlocks
00473b1a B CheckForFloatBob
00473b1b B CheckForMarioBlocks
00473b1c B CheckForQuicksand
00473b19 B CheckForReverseGravity
00336758 t CheckFrame
004a1ed4 b checklist_cangodown
0035cb38 t CheckLumpInCache
0052bec0 b chmappending
004094ac D chosenrendermode
0010fa30 t chromaticities_match_sRGB
001efc70 t cht_CheckCheat
001f0148 T cht_Init
001f01c0 T cht_Responder
0050cef8 b chunk
0050cf04 b chunkname
0040af18 r chunks_to_ignore.0
0040acd8 r chunks_to_process.0
0052bf50 B circuitmap
0038a7e8 T CL_AbortDownloadResume
0036a148 T CL_AddSplitscreenPlayer
0038a808 T CL_CheckAddonTypes
0038a7e0 T CL_CheckDownloadable
0038a7f8 T CL_CheckFiles
0036a048 T CL_ClearPlayer
0036efa8 T CL_ConnectToServer
00376528 T CL_CopyNetCommandsFromServerPacket
0036e018 t CL_DrawServerInfo
0036a780 T CL_HandleTimeout
0051992e b cl_lastcheckedfilecount
00376d10 T CL_LoadReceivedSavegame
0038a820 T CL_LoadServerFiles
00519930 B cl_mode
00522940 B cl_packetmissed
0038a828 T CL_PrepareDownloadLuaFile
0038a738 T CL_PrepareDownloadSaveGame
00522e58 B cl_redownloadinggamestate
00377000 T CL_ReloadReceivedSavegame
0036a0c8 T CL_RemovePlayer
00369178 t CL_RemovePlayer.part.0
0036a170 T CL_RemoveSplitscreenPlayer
0036a608 T CL_Reset
00374ee8 T CL_SendClientCmd
0038a7f0 T CL_SendFileRequest
0036ecf0 T CL_SendJoin
003765f8 T CL_SendNetCommands
0036ee80 T CL_UpdateServerList
00158338 t cleanup_stdio
00382f90 T CleanupPlayerName
001851d8 T clear_conditionsets
001850d0 T clear_emblems
003878b0 t clear_fb
00185220 T clear_levels
00185160 T clear_unlockables
003854c8 T ClearAdminPlayers
00466f00 b client_table
00466440 B clientDiskReady
004a0a20 B clientGamedata
00466480 B clientInit
00466100 B clientSCmd
00466400 B clientSearchFile
004be044 B clipangle
0052c340 b clipboard
0052c230 b clipboard_modified.1
004d2c60 b clippedvissprites
003ddd40 d clipping_cons_t
00162e50 T close
0050f1a0 B closedcaptions
001628d0 T closedir
00364360 T closefilemenu
0038a8f0 T CloseNetFile
0052c980 b clut
0017f990 t cmp_strlen_desc
0050d084 B colfunc
0050d058 B colfuncs
004b3498 B Color_cons_t
003a0f08 D COLOR_ENUMS
00383d40 t Color_OnChange
00383618 t Color2_OnChange
004a1139 b colorgrid
004b2ab8 B colormaps
0050cc6c b columnDrawer.1
001c3a18 t COM_Add_f
001c48b0 T COM_AddCommand
0047a950 b com_alias
001c30d0 t COM_Alias_f
001c2f18 t COM_Alias_f.part.0
0047a930 b com_argc
001c4698 T COM_Argc
0047a7e8 b com_args
0047a7f0 b com_argv
001c46a8 T COM_Argv
001c4df0 T COM_BufAddTextEx
001c5f88 T COM_BufExecute
001c51b8 T COM_BufInsertTextEx
001c61d0 T COM_BufTicker
001c26a0 t COM_CEcho_f
001c2ed0 t COM_CEchoDuration_f
001c2620 t COM_CEchoFlags_f
001c46f0 T COM_CheckParm
001c4798 T COM_CheckPartialParm
0047a934 b com_commands
001c4c50 T COM_CompleteAlias
001c4b60 T COM_CompleteCommand
001c2b38 t COM_CONSLogicC_f
001c13d8 t COM_Echo_f
001c5058 t COM_Exec_f
001c4f10 T COM_ExecFile
001c52e0 t COM_ExecuteString.part.0
001c2bb0 t COM_Find_f
001c4858 T COM_FirstOption
0047a938 b com_flags
001c3c60 t COM_Help_f
001c61f8 T COM_ImmedExecute
001c49e8 T COM_Init
0038a1f0 T COM_Lua_f
0047ad8c b com_skips.6
0047a940 b com_text
001c38e0 t COM_Toggle_f
0047a968 b com_token
001c10e8 t COM_TokenizeString
0047a954 b com_wait
001c2e78 t COM_Wait_f
00380980 t Command_Addfile
0037f7e0 t Command_Addfilelocal
00380d88 t Command_Addfolder
0037f738 t Command_Addfolderlocal
0017f980 t Command_assert
00377b28 T Command_Ban
00377db8 T Command_BanIP
0021fcc0 T Command_ChangeConfig_f
0037ac38 t Command_Changepassword_f
001f09d8 T Command_Charability_f
001f0b38 T Command_Charspeed_f
001f03c8 T Command_CheatGod_f
001f02d8 T Command_CheatNoClip_f
001f04b8 T Command_CheatNoTarget_f
003803b0 t Command_Cheats_f
00377af0 T Command_ClearBans
00380778 t Command_Clearpassword_f
0037ac48 t Command_Clearscores_f
00378218 T Command_connect
002db918 T Command_CountMobjs_f
001ccac8 t Command_CSay_f
001f1f70 T Command_Devmode_f
0037ad18 t Command_Displayplayer_f
0038a990 T Command_Downloads_f
00378f60 T Command_Drop
00379178 T Command_Droprate
0037e710 T Command_ExitGame_f
0037b910 t Command_ExitLevel_f
0037ad30 t Command_Freeslots_f
001f1e20 T Command_Getallemeralds_f
00378498 T Command_GetPlayerNum
001f0708 T Command_Gravflip_f
001f07d0 T Command_Hurtme_f
0037eea8 t Command_Isgamemodified_f
001f08d8 T Command_JumpToAxis_f
00377fb0 T Command_Kick
003687a8 t Command_list_http_logins
0037b640 t Command_ListWADS_f
0021fb08 T Command_LoadConfig_f
00380788 t Command_Login_f
0020c388 t Command_Manual_f
00384c08 t Command_Map_f
0037f888 t Command_Mapmd5_f
00196758 t Command_Memdump_f
00196ef8 t Command_Memfree_f
0037d748 t Command_MotD_f
0037c278 t Command_MutePlayer_f
00378580 T Command_Nodes
002db720 T Command_Numthinkers_f
001f3018 T Command_ObjectPlace_f
0037b3e8 t Command_Pause
0037a890 T Command_Ping_f
0037fbc8 t Command_Playdemo_f
0037fa08 t Command_Playintro_f
0037b360 t Command_Quit_f
00377fa8 T Command_ReloadBan
0037bf20 t Command_RemoveAdmin_f
00377150 T Command_ResendGamestate
0037e2a8 t Command_ResetCamera_f
001f1ed8 T Command_Resetemeralds_f
0035aa18 t Command_RestartAudio_f
0037fd60 T Command_Retry_f
001f0e00 T Command_RTeleport_f
0037b528 t Command_RunSOC
0037e0c8 t Command_SaveAddons_f
001f1d00 T Command_Savecheckpoint_f
00220228 T Command_SaveConfig_f
001ccc50 t Command_Say_f
001ccb50 t Command_Sayteam_f
001ccbc8 t Command_Sayto_f
001f05a8 T Command_Scale_f
0037c668 t Command_ServerTeamChange_f
00368800 t Command_set_http_login
001f2398 T Command_Setcontinues_f
001be790 T Command_Setcontrol_f
001be7e0 T Command_Setcontrol2_f
001f2210 T Command_Setlives_f
001f2050 T Command_Setrings_f
00377940 T Command_ShowBan
0037eef8 t Command_ShowGametype_f
0037f938 t Command_Showmap_f
0037edc8 t Command_ShowScores_f
003806e0 t Command_ShowTime_f
001f1a38 T Command_Skynum_f
0037e2a0 t Command_StartMovie_f
0037e2d0 t Command_Stopdemo_f
0037e298 t Command_StopMovie_f
0037f678 t Command_Suicide
0037c280 t Command_Teamchange_f
0037e2f8 t Command_Teamchange2_f
001f1190 T Command_Teleport_f
0037fa58 t Command_Timedemo_f
001f1c40 T Command_Toggletwod_f
0035b948 t Command_Tunes_f
0037c270 t Command_UnmutePlayer_f
0037bff8 t Command_Verify_f
0037b370 t Command_Version_f
001f1b40 T Command_Weather_f
001f2f48 T Command_Writethings_f
0000d851 W common.c.5eef3731
003aba90 D commoncounter_rows
003a0cec D compbranch
003a0ce4 D compdate
004093b0 d competitionboxes_cons_t
0045daf0 b completed.2
003a33b8 d completioncmd.8
00139230 t compress_block
003a0ce8 D comprevision
003a0ce0 D comptime
0047b568 b con_buffer
001c6f00 t CON_ChangeHeight
001c8888 T CON_ClearHUD
004855f4 b con_curlines
00485594 b con_cx
00485590 b con_cy
004855f8 B con_destlines
001c8c18 T CON_Drawer
003a3668 d con_forcepic
004855f0 b con_hudlines
004855a0 b con_hudtime
001c7e70 T CON_Init
001c7b80 t CON_InputAddChar.part.0
001c70d8 t CON_InputClear
001c7a80 t CON_InputDelChar.part.0
001c7978 t CON_InputDelSelection
001c7140 t CON_InputSetString
00485598 b con_line
001c6e70 t CON_Linefeed
001c8ae8 T CON_LogMessage
00485608 B con_mutex
001c71c8 t CON_Print
001c8978 T CON_Ready
00485604 B con_recalc
001c75a0 t CON_RecalcSize
00485605 B con_refresh
001c9d90 T CON_Responder
00485580 B con_scalefactor
00485584 b con_scrollup
001c7e40 T CON_SetupBackColormap
001c7c70 T CON_SetupBackColormapEx
00485607 b con_started
001c8840 T CON_StartRefresh
00485606 B con_startup
001c8868 T CON_StopRefresh
00485600 b con_tick
001c89b8 T CON_Ticker
001c88d8 T CON_ToggleOff
0048558c b con_totallines
00485588 b con_width
00363af8 T concatpaths
004a0618 B conditionSets
004a3d48 B configfile
0017b790 T configGetTimezoneWithIODriver
0017b740 T configGetTvScreenTypeWithIODriver
0017b818 T configIsDaylightSavingEnabledWithIODriver
0040c788 r configuration_table
00389088 t ConfigurePort
00407c28 D connectiontimeout
003efdc0 d cons_1upsound_t
001caa68 T CONS_Alert
003a3410 D cons_backcolor
001c7e30 t CONS_backcolor_Change
003a34f0 d cons_backpic
001cabb8 t CONS_Bind_f
001c7058 t CONS_Clear_f
001cae38 T CONS_Debug
003a3540 d cons_height
001c6fe8 t CONS_height_Change
003a35c8 d cons_hudlines
001c9d18 t CONS_hudlines_Change
003a3618 d cons_hudtime
003efcc8 d cons_musicpref_t
001c9c00 T CONS_Printf
003a3578 d cons_speed
00512830 B consistancy
0036c620 T Consistancy
0047ad98 B consolebgmap
003a2df0 d consolechat_cons_t
004752cc B consoleplayer
004855fc b consoleready
004855fd b consoletoggle
003ef570 d constextsize_cons_t
0047ad6c b consvar_number_of_netids
0047ad68 b consvar_old_demo_vars
0047ad70 b consvar_vars
0046ecf8 b cont_spr2
0046ecf0 b contcolormaps
0046ece8 b contColors
004ae2c0 b contextdrift
0047328c b continuetime
003aa178 d contlimit_cons_t
0046ece0 b contOverrides
004a1134 b controltochange
004a1110 b controltochangetext
0046ed10 b contskins
0017f1a0 T convertfrombcd
004080d0 d cooplives_cons_t
0037f380 t CoopLives_OnChange
00408130 d coopstarposts_cons_t
0037f1c8 t CoopStarposts_OnChange
0017c2e4 T Copy
00512378 B coredirmenu
002b3b98 t CorruptMapError
0014a318 T cos
004af1ec b couldteeter
0052f998 b count.0
0052f9c0 b count.7
003422c8 t count_range
00473b04 B countdown
00473b00 B countdown2
0047527c B countdowntimer
00475279 B countdowntimeup
0052c330 b counter.3
0052f9b8 b countmax.4
00409ab4 d countmin.5
0052f9b0 b countsum.3
0017bb50 T cpu_ticks
0040b388 r crc_braid_table
0040c388 r crc_table
0012fc00 T crc32
0012fd28 T crc32_combine
0012ff10 T crc32_combine_gen
0012fe48 T crc32_combine_gen64
0012ffe0 T crc32_combine_op
0012fc08 T crc32_combine64
0012f6d8 T crc32_z
0031d5c8 t CreateInterpolator
001794c0 T CreateSema
00179430 T CreateThread
0048a9d8 B cred_font
00454b40 r credits
0046ed18 b credits_height
00454ad8 r credits_pics
00473b14 B creditscutscene
0015d230 t critical_factorization
00455a08 r cross_mark
0048a2a8 b crosshair
003a30e0 d crosshair_cons_t
00003bcc W crt0.c.7192d9f1
00454ac0 r CSWTCH.1489
00454a78 r CSWTCH.1502
0045a290 r CSWTCH.1727
0045a270 r CSWTCH.1748
0040a3d0 r CSWTCH.191
0040a3b0 r CSWTCH.192
0045a340 r CSWTCH.216
0045a600 r CSWTCH.26
0045a5d0 r CSWTCH.27
00456308 r CSWTCH.2771
004562f8 r CSWTCH.2972
0045a960 r CSWTCH.343
00455d60 r CSWTCH.353
0045a950 r CSWTCH.364
0045aa70 r CSWTCH.45
00456470 r CSWTCH.644
00455be8 r CSWTCH.723
00455b98 r CSWTCH.724
0046c8de B ctrldown
0050f0d0 B Cubeapply
0050f0d8 B Cubepal
0047325c B curbgcolor
00473251 B curbghide
00473268 B curbgname
0047324c b curbgx
00473258 B curbgxspeed
00473248 b curbgy
00473254 B curbgyspeed
00473244 b curDemo
004afa8c B curdrawsegs
00473260 B curfadevalue
00473228 B curhidepics
0052e0d4 B curl_logins
0038a9a0 T CURLAbortFile
0038a9a8 T CURLGetLogin
004afaa0 B curline
0038a998 T CURLPrepareFile
004a1ed0 b curplaying
003a3d08 D currentMenu
004cfb30 b currentplane
004af0b0 b currentthinker
00479814 B cursaveslot
004d084c b curtexturecolumntable
0047320e B curttloop
00473224 B curttmode
00473218 B curttname
00473221 B curttscale
0047320c B curtttics
00473212 B curttx
00473210 B curtty
0048b774 b curweapon
00479818 B curWeather
0050cc98 b customtranslations
00479838 B customversionstring
0046ecd4 b cutnum
0046ed7c b cutscene_baseptr
0046f180 b cutscene_basetext
0046ed6c b cutscene_boostspeed
0046ed80 b cutscene_disptext
0046ed74 b cutscene_textcount
0046ed70 b cutscene_textspeed
0046ed78 b cutscene_writeptr
0046ecb3 b cutsceneover
00475078 B cutscenes
004089a8 D cv_1up
003efd88 D cv_1upsound
00407768 D cv_addons_folder
00407718 D cv_addons_md5
004077a0 D cv_addons_option
004076a8 D cv_addons_search_case
00407658 D cv_addons_search_type
004076e0 D cv_addons_showall
001c6c68 T CV_AddValue
001c3160 t CV_AddValue.part.0
00408040 D cv_advancemap
00408390 D cv_allowexitlevel
003eed98 D cv_allowmlook
00407bb8 D cv_allownewplayer
004090e0 D cv_allowseenames
00409240 D cv_allowteamchange
003a29a8 D cv_alwaysfreelook
003a2938 D cv_alwaysfreelook2
003a27f0 D cv_analog
003ab3e0 D cv_apng_delay
003ab3a8 D cv_apng_downscale
004087d0 D cv_autobalance
003a26c8 D cv_autobrake
003a2690 D cv_autobrake2
003aa350 d cv_autorecord
00408470 D cv_basenumlaps
003ef720 D cv_bgamma
003ef870 D cv_bhue
004079d0 D cv_blamecfail
003dda70 d CV_BobSpeed
004089e0 D cv_bombshield
003ef5d0 D cv_bsaturation
003ddfc8 D cv_cam_adjust
003a23e8 D cv_cam_centertoggle
003ddd08 D cv_cam_clipping
003de1f8 D cv_cam_dist
003ddc98 D cv_cam_exact
003de070 D cv_cam_gamepadxsensitivity
003de038 D cv_cam_gamepadysensitivity
003de1c0 D cv_cam_height
003a2368 D cv_cam_lockedinput
003a22d0 D cv_cam_lockonboss
003de000 D cv_cam_orbit
003de118 D cv_cam_rotate
003de0e0 D cv_cam_rotspeed
003ddb90 D cv_cam_savedist
003ddac0 D cv_cam_saveheight
003a2610 D cv_cam_shiftfacing
003de150 D cv_cam_speed
003de188 D cv_cam_still
003a25a8 D cv_cam_turnfacing
003a2540 D cv_cam_turnfacingability
003a2470 D cv_cam_turnfacinginput
003a24d8 D cv_cam_turnfacingspindash
003de0a8 D cv_cam_turnmultiplier
003ddd60 D cv_cam2_adjust
003ddcd0 D cv_cam2_clipping
003ddf90 D cv_cam2_dist
003ddc60 D cv_cam2_exact
003dde08 D cv_cam2_gamepadxsensitivity
003dddd0 D cv_cam2_gamepadysensitivity
003ddf58 D cv_cam2_height
003ddd98 D cv_cam2_orbit
003ddeb0 D cv_cam2_rotate
003dde78 D cv_cam2_rotspeed
003ddee8 D cv_cam2_speed
003ddf20 D cv_cam2_still
003dde40 D cv_cam2_turnmultiplier
003de278 d CV_CamRotate
002dd590 t CV_CamRotate_OnChange
002dd628 t CV_CamRotate2_OnChange
003de2a8 d CV_CamSpeed
003ef758 D cv_cgamma
003eef20 D cv_chasecam
003eeee8 D cv_chasecam2
003a2900 D cv_chasefreelook
003a28c8 D cv_chasefreelook2
003a2bb8 D cv_chat_clearonexit
003a2bf0 D cv_chat_showlimit
003a2e10 D cv_chatbacktint
003a2b68 D cv_chatcursor
003a2f28 D cv_chatheight
003a2ef0 D cv_chatnotifications
003a2c28 D cv_chatopacity
003a2c98 D cv_chatsnapx
003a2c60 D cv_chatsnapy
003a2e48 D cv_chatspamburst
003a2eb8 D cv_chatspamprotection
003a2e80 D cv_chatspamspeed
003a2fc8 D cv_chattime
003a2f78 D cv_chatwidth
003a2d08 D cv_chatx
003a2cd0 D cv_chaty
001c6a00 T CV_CheatsEnabled
003aa468 D cv_chooseskin
003ef8a8 D cv_chue
001c6cb8 T CV_ClearChangedFlags
003efeb8 D cv_closedcaptioning
003a3018 D cv_compactscoreboard
00409178 D cv_competitionboxes
001c66d0 T CV_CompleteVar
003a2db8 D cv_consolechat
003ef538 D cv_constextsize
003503d8 t CV_constextsize_OnChange
003a31c8 D cv_controlperkey
00408098 D cv_cooplives
004080f8 D cv_coopstarposts
00408878 D cv_countdowntime
003a2ac0 D cv_crosshair
003a2a50 D cv_crosshair_invert
003a2a88 D cv_crosshair2
003a2a18 D cv_crosshair2_invert
003ef608 D cv_csaturation
00407c98 D cv_cvarinformation
003a20d8 D cv_deadzone
003a1ea8 D cv_deadzone2
0052c228 B cv_debug
00407948 D cv_dedicatedidletime
00408f58 D cv_defaultplayercolor
00408f20 D cv_defaultplayercolor2
00408ee8 D cv_defaultskin
00408eb0 D cv_defaultskin2
003a20a0 D cv_digitaldeadzone
003a1e70 D cv_digitaldeadzone2
003eff28 D cv_digmusicvolume
003a2700 D cv_directionchar
004083c8 D cv_downloading
00409510 D cv_downloadspeed
003eec80 D cv_drawdist
003eec48 D cv_drawdist_nights
003eec10 D cv_drawdist_precip
004092b0 d cv_dummyconsvar
003aa008 d cv_dummycontinues
003a9f28 D cv_dummycutscenes
003aa040 d cv_dummylives
003a9ef0 D cv_dummyloadless
003a9f60 D cv_dummymarathon
003a9fd0 d cv_dummymares
003aa078 d cv_dummyrings
003aa0b0 d cv_dummyscramble
003aa0e8 d cv_dummyteam
00408970 D cv_eggmanbox
001c3bc0 t CV_EnforceExecVersion
003a3320 D cv_execversion
00407fa0 D cv_exitmove
003eea18 D cv_ffloorclip
003a2148 D cv_fireaxis
003a1f18 D cv_fireaxis2
003a2110 D cv_firenaxis
003a1ee0 D cv_firenaxis2
003dd960 D cv_flagtime
003ee970 D cv_flashes
003eee78 D cv_flipcam
003eee40 D cv_flipcam2
00408a18 D cv_forceshield
00408400 D cv_forceskin
003eebd8 D cv_fov
003eeba0 D cv_fovchange
003ee3f8 D cv_fpscap
00407d68 D cv_freedemocamera
00408728 D cv_friendlyfire
003ef280 D cv_fullscreen
003efd50 D cv_gamedigimusic
003efd18 D cv_gamemidimusic
003efce0 D cv_gamesounds
00407800 D cv_gentlemens
003ef790 D cv_ggamma
003aa270 D cv_ghost_bestrings
003aa2e0 D cv_ghost_bestscore
003aa2a8 D cv_ghost_besttime
003aa200 D cv_ghost_guest
003aa238 D cv_ghost_last
003ef8e0 D cv_ghue
003a3a50 D cv_gif_downscale
003a3a18 D cv_gif_dynamicdelay
003a39e0 D cv_gif_localcolortable
003a39a8 D cv_gif_maxsize
003a3a88 D cv_gif_optimize
003a3970 D cv_gif_rolling
00407d30 D cv_glallowshaders
003ef9f0 D cv_globalgamma
003ef9a0 D cv_globalsaturation
00408900 D cv_gravity
003ef640 D cv_gsaturation
00408438 D cv_hazardlog
00408808 D cv_hidetime
003ee9a8 D cv_homremoval
00407888 D cv_httpsource
004078f8 D cv_idleaction
004078c0 D cv_idletime
001c1498 t CV_Info
001c6c80 T CV_InitFilterVar
003a2af8 D cv_instantretry
00408150 D cv_inttime
003a29e0 D cv_invertmouse
003a2970 D cv_invertmouse2
00408af8 D cv_invincibility
001c69d8 T CV_IsSetToDefault
004086f0 D cv_itemfinder
003dd9b0 D cv_itemrespawn
003dd9e8 D cv_itemrespawntime
00407b10 D cv_joindelay
00408280 D cv_jointimeout
00408d60 D cv_joyscale
00408d28 D cv_joyscale2
003a21b8 D cv_jumpaxis
003a1f88 D cv_jumpaxis2
00408ac0 D cv_jumpshield
00408358 D cv_killingdead
001c6960 T CV_LoadDemoVars
001c6940 T CV_LoadNetVars
001c6950 T CV_LoadOldDemoVars
001c24f0 t CV_LoadVars
003a2228 D cv_lookaxis
003a1ff8 D cv_lookaxis2
003a3ba8 D cv_mapthingnum
00409a48 D cv_masterserver
00409930 D cv_masterserver_debug
004099a0 D cv_masterserver_room_id
00409a80 d cv_masterserver_room_values
00409968 D cv_masterserver_timeout
004098f8 D cv_masterserver_token
004099d8 D cv_masterserver_update_rate
00408c80 D cv_matchboxes
00408248 D cv_maxping
00407b68 D cv_maxplayers
003eeb68 D cv_maxportals
00409598 D cv_maxsend
003eeeb0 D cv_menubgcolor
003ef500 D cv_menucaps
003ef440 D cv_menucolor
003ef6e8 D cv_mgamma
003ef838 D cv_mhue
003efef0 D cv_midimusicvolume
00407838 D cv_mindelay
00408cb8 D cv_mouse2opt
00408cf0 D cv_mouse2port
003a2890 D cv_mousemove
003a2858 D cv_mousemove2
003a32a8 D cv_mousesens
003a3270 D cv_mousesens2
003a3238 D cv_mouseysens
003a3200 D cv_mouseysens2
003a2298 D cv_moveaxis
003a2068 D cv_moveaxis2
003dda38 D cv_movebob
003ab718 D cv_movie_folder
003ab750 D cv_movie_option
003ab788 D cv_moviemode
003eecf0 D cv_moviemodeinfo
003ef598 D cv_msaturation
003efc90 D cv_musicpref
00407ef8 D cv_mute
00408320 D cv_netstat
00407a60 D cv_netticbuffer
004082d0 D cv_nettimeout
003aa430 D cv_newgametype
003aaca0 D cv_nextmap
00409560 D cv_noticedownload
003efe80 D cv_numChannels
004084c8 D cv_numlaps
003a33a0 D CV_OnOff
003a3b38 D cv_opflags
003a3b00 D cv_ophoopflags
004086b8 D cv_overtime
003524b8 t CV_palette_OnChange
00407f30 D cv_pause
003a2b30 D cv_pauseifunfocused
00407e50 D cv_perfstats
004081f8 D cv_pingtimeout
00407980 D cv_playbackspeed
00409038 D cv_playercolor
00409000 D cv_playercolor2
004090a8 D cv_playername
00409070 D cv_playername2
00407fd8 D cv_playersforexit
003efc58 D cv_playmusicifunfocused
003efc20 D cv_playsoundsifunfocused
00408570 D cv_pointlimit
00408c10 D cv_powerstones
004085c8 D cv_powerupdisplay
00407da0 D cv_ps_descriptor
00407e00 D cv_ps_samplesize
00408bd8 D cv_recycler
001c63c8 T CV_RegisterVar
00407ab8 D cv_rejointimeout
003ef2b8 D cv_renderer
003ef2f0 D cv_renderer_t
003eea88 D cv_renderfloors
003ef200 D cv_renderhitbox
003ef190 D cv_renderhitboxgldepth
003ef1c8 D cv_renderhitboxinterpolation
003eea50 D cv_renderthings
003eeaf8 D cv_renderview
003eeac0 D cv_renderwalls
001c6970 T CV_ResetCheatNetVars
003efe10 D cv_resetmusic
003efdd8 D cv_resetmusicbyheader
004091b0 D cv_respawntime
00409278 D cv_restrictskinchange
003a1b10 D cv_resyncdemo
00407a08 D cv_resynchattempts
001c68b8 T CV_RevertNetVars
003ef800 D cv_rgamma
003ef950 D cv_rhue
00408a50 D cv_ringshield
00408938 D cv_ringslinger
00408680 D cv_rollingdemos
003ef6b0 D cv_rsaturation
00407f68 D cv_runscripts
003f0008 D cv_samplerate
001c6ce0 T CV_SaveVariables
001c67c0 T CV_SaveVars
003ef300 D cv_scr_depth
003ef3a8 D cv_scr_height
003ef338 D cv_scr_height_w
003ef3e0 D cv_scr_width
003ef370 D cv_scr_width_w
00408760 D cv_scrambleonchange
003ab7e0 D cv_screenshot_colorprofile
003ab818 D cv_screenshot_folder
003ab850 D cv_screenshot_option
003eeb30 D cv_secbright
00409118 D cv_seenames
00409a10 D cv_servername
003aa3c0 D cv_serversort
001c6b70 T CV_Set
001c27a0 t CV_SetCVar
001c6b78 T CV_SetValue
001c2a38 t CV_SetValueMaybeStealth
003eee08 D cv_shadow
00407cf8 D cv_showaddoninfo
003aacf0 D cv_showfocuslost
003eed60 D cv_showhud
00409320 D cv_showinput
004092e8 D cv_showinputjoy
00407bf0 D cv_showjoinaddress
004081a0 D cv_showping
003a2260 D cv_sideaxis
003a2030 D cv_sideaxis2
00408fc8 D cv_skin
00408f90 D cv_skin2
00408e78 D cv_skipmapcheck
003eedd0 D cv_skybox
00407ec0 D cv_sleep
004088c8 D cv_soundtest
003eff60 D cv_soundvolume
00408c48 D cv_specialrings
003a3b70 D cv_speed
003a2180 D cv_spinaxis
003a1f50 D cv_spinaxis2
003ee9e0 D cv_spriteclip
00409208 D cv_startinglives
001c6a78 T CV_StealthSet
001c6a80 T CV_StealthSetValue
00408b68 D cv_superring
00408b30 D cv_supersneakers
003eef58 D cv_tailspickup
00408798 D cv_teamscramble
00408ba0 D cv_teleporters
003efa40 D cv_ticrate
00408518 D cv_timelimit
003a3718 D cv_timescale
00408620 D cv_timetic
001c6ca8 T CV_ToggleExecVersion
00408840 D cv_touchtag
003eecb8 D cv_translucency
003eed28 D cv_translucenthud
003a3358 D CV_TrueFalse
003a21f0 D cv_turnaxis
003a1fc0 D cv_turnaxis2
003aa388 D cv_tutorialprompt
003a3370 D CV_Unsigned
002dec98 T CV_UpdateCam2Dist
002debc0 T CV_UpdateCamDist
00408dd0 D cv_usejoystick
00408d98 D cv_usejoystick2
00408e40 D cv_usemouse
00408e08 D cv_usemouse2
003a2788 D cv_useranalog
00409478 D cv_vidwait
00408a88 D cv_watershield
003a1e38 D cv_wipes
003a3388 D CV_YesNo
003ef7c8 D cv_ygamma
003ef918 D cv_yhue
003ef678 D cv_ysaturation
003ab568 D cv_zlib_level
003ab488 D cv_zlib_levela
003ab5a0 D cv_zlib_memory
003ab4c0 D cv_zlib_memorya
003ab530 D cv_zlib_strategy
003ab450 D cv_zlib_strategya
003ab4f8 D cv_zlib_window_bits
003ab418 D cv_zlib_window_bitsa
00407cd0 d cvarinfo_const_t
0017f9c8 t D_AddFile
00181958 T D_AdvanceDemo
0037a428 T D_CheckNetGame
001830b0 T D_CheckPathAllowed
00374480 T D_Clearticcmd
0036c178 T D_ClientServerInit
0037aa98 T D_CloseConnection
00375d10 T D_FreeTextcmd
00385518 T D_GameTypeChanged
00375e18 T D_GetExistingTextcmd
00375ea0 T D_GetTextcmd
00181c18 T D_Home
00182f70 T D_IsPathAllowed
00384808 T D_MapChange
0036cc00 T D_MD5PasswordPass
0036c5d0 T D_NumBots
0036c590 T D_NumNodes
0036c560 T D_NumPlayers
0038a710 T D_ParseFileneeded
0017fab0 T D_PostEvent
0017fb08 T D_ProcessEvents
0036a0f0 T D_QuitNetGame
003689f8 t D_QuitNetGame.part.0
00381b38 T D_RegisterClientCommands
00381260 T D_RegisterServerCommands
00374528 T D_ResetTiccmds
00377700 T D_SaveBan
00384780 T D_SendPlayerConfig
003853f0 T D_SetPassword
0017ff58 T D_SRB2Loop
00181c88 T D_SRB2Main
00181968 T D_StartTitle
003743a8 T D_UseLocalDelay
0040ac28 r D50_nCIEXYZ
0050cca4 b dashModeRemap
0048afb8 b data
0040e848 r DAYS_IN_MONTH
0040d1b0 r dbase.1
0046d738 b dbg_line
004b4068 B dc_colormap
004b4058 B dc_iscale
004b4034 B dc_lightlist
004b402c B dc_maxlights
004b4030 B dc_numlights
004b4024 B dc_postlength
004b4050 B dc_source
004b4028 B dc_texheight
004b4054 B dc_texturemid
004b4038 B dc_translation
004b403c B dc_transmap
004b4064 B dc_x
004b405c B dc_yh
004b4060 B dc_yl
00466670 b dd_hash
0039fb38 d dd_loccnt
004aee60 B deathmatchstarts
0052bca0 B debugfile
0046d6fc B debugload
00378948 t DebugPrintpacket
0040dd58 r dec64table
00110170 t decode_gamma
0046c8e0 B dedicated
00512804 b dedicatedidle.1
00512800 b dedicatedidletimeprev.0
0038d7c0 d default_signal.0
0040f958 r defaultTLB
001325a0 T deflate
0040c800 R deflate_copyright
00130e88 t deflate_fast
001307b0 t deflate_slow
00131378 t deflate_stored
001323c8 T deflateBound
001340b0 T deflateCopy
00133be0 T deflateEnd
00131da0 T deflateGetDictionary
00134090 T deflateInit_
00133cc8 T deflateInit2_
001339e0 T deflateParams
001320e0 T deflatePending
00132228 T deflatePrime
00131f80 T deflateReset
00131e70 T deflateResetKeep
00131b60 T deflateSetDictionary
00132070 T deflateSetHeader
00131ab8 t deflateStateCheck
00131a30 t deflateStateCheck.part.0
00132360 T deflateTune
00132160 T deflateUsed
00183610 t DEH_LoadDehackedFile
00184ec0 T DEH_LoadDehackedLump
00184e10 T DEH_LoadDehackedLumpPwad
0046d75c B deh_loaded
0046d734 b deh_num_warning
00183240 T deh_strlcpy
00196750 T DEH_TableCheck
00183120 T deh_warning
0017bb88 T DelayThread
0017bb60 t DelayThreadWakeup_callback
001794d0 T DeleteSema
00179440 T DeleteThread
004b12a8 b deltas
0046c8c0 b deltasecs.4
0046c8b8 b deltatics.3
00473651 B demo_forwardmove_rng
00473660 b demo_p
00473652 B demo_start
00473664 b demobuffer
00473240 b demoDelayLeft
003a3130 D demoDelayTime
00473658 b demoend
00473668 B demofileoverride
00473656 b demoflags
0047323c b demoIdleLeft
003a312c D demoIdleTime
00473670 b demoname
0047366d B demoplayback
0047366e B demorecording
004736b0 B demostarttime
003a1b44 D demosynced
0047365c b demotime_p
00473654 B demoversion
00473280 b deplete
00104918 t deregister_tm_clones
004a3528 B description
0046d716 B devparm
0040d170 r dext.0
004564e8 r diags
004a3590 b dig.0
0046d701 B digital_disabled
0040ac60 r digits.1
0017b890 T DIntr
00512320 B dir_on
003a2768 d directionchar_cons_t
001b0438 t DirectionChar_OnChange
001b0430 t DirectionChar2_OnChange
0052f9d0 b directory
00512314 B direrror
0051237c B dirmenu
0017cfe0 T DisableDmac
0017b960 T DisableIntc
004797fd B disableSpeedAdjust
00466380 B diskReadyMode
0040add0 r display_mask.1
004752c8 B displayplayer
0040c8c8 r distfix.0
00163248 T div
00409d58 r DMA_ASR0
00409d30 r DMA_ASR1
00409dd0 r DMA_CHCR.lto_priv.0
00409dd0 r DMA_CHCR.lto_priv.2
00409df8 r DMA_MADR.lto_priv.0
00409df8 r DMA_MADR.lto_priv.1
00409e20 r DMA_QWC.lto_priv.0
00409e20 r DMA_QWC.lto_priv.2
00409d08 r DMA_SADR
00409d80 r DMA_SIZE
00409da8 r DMA_TADR.lto_priv.0
00409da8 r DMA_TADR.lto_priv.1
0000c2a0 W dmaCore.c.4f03a32f
0000c792 W dmaCore.c.56cfc515
0000c54a W dmaCore.c.d6ed6a82
0000c9f5 W dmaInit.c.13c392f1
0000ccf1 W dmaInit.c.d0c74e65
00104048 T dmaKit_chan_init
00103fe0 T dmaKit_init
0046c8c8 b doDisplay.6
0052bca8 B doomcom
004afa7c B doorclosed
001cc740 t DoSayCommand
00323ec0 t DoSlopeCrossProducts
004be040 B doubleclipangle
004096f8 D downloaddir
00514658 b downloadsize.0
00409548 d downloadspeed_cons_t
00340b60 t draw_bbox_col
00340d68 t draw_bbox_row
0047a78e b draw_grid
002233b0 t draw_think_frame_stats
0036dea0 t DrawConnectionStatusBox
003ef120 d drawdist_cons_t
003ef0e0 d drawdist_precip_cons_t
0036e5c0 t DrawFileProgress
004afa88 B drawsegs
004d2c74 b drawsegs_xrange
004d2c6c b drawsegs_xrange_count
004d2c70 b drawsegs_xrange_size
004d2c78 b drawsegs_xranges
0048b5b8 b drawstagetitle
0048b63c b drillbar
0048b630 b drillfill
004b3ff8 B ds_bgofs
004b4014 B ds_colormap
004b3ff4 B ds_flatheight
004b3ff6 B ds_flatwidth
004b3ff0 B ds_fog
004afa84 B ds_p
004b3ff2 B ds_powersoftwo
004b3f88 B ds_slopelight
004b3ff1 B ds_solidcolor
004b3fec B ds_source
004b3fd0 B ds_su
004b3fb8 B ds_sv
004b3fa0 B ds_sz
004b4010 B ds_translation
004b3fe8 B ds_transmap
004b3ffc B ds_waterofs
004b401c B ds_x1
004b4018 B ds_x2
004b400c B ds_xfrac
004b4004 B ds_xstep
004b4020 B ds_y
004b4008 B ds_yfrac
004b4000 B ds_ystep
0045daf4 b dtor_idx.1
0037f638 t DummyConsvar_OnChange
003aa120 d dummymares_cons_t
001fc168 t Dummymares_OnChange
003aa1c8 d dummyscramble_cons_t
003aa1e0 d dummyteam_cons_t
00529298 b duppacket
00529278 B duppercent
004a632c b dustdevil
00225ce8 T DVector3_Add
00225cb0 T DVector3_Copy
00225f28 T DVector3_Cross
00225ca0 T DVector3_Load
00225db8 T DVector3_Multiply
00225ef8 T DVector3_Negate
00225e20 T DVector3_Normalize
00225d50 T DVector3_Subtract
004a648c b earlyout
001f4d60 T Easing_InOutSine
003a0c80 D eenull
001795c0 t eight
0017b8d0 T EIntr
0052c4a8 b elapsed_frames
0048a2c0 b emblemicon
0048fe18 B emblemlocations
0048a2c8 B emeraldpics
00473b80 B emeralds
003a3134 D emeraldspawndelay
0052c498 b emptycmd
0052c488 b emptycmd2
0017cf68 T EnableDmac
0017b8e8 T EnableIntc
0046f208 b endbgsp
0046f218 b endbrdr
0046f200 b endegrk
0046f1b0 b endescp
0046f1f0 b endfwrk
0046f1d8 b endglow
001794b0 T EndOfHeap
004a3a38 b endPos
0046f1e0 b endspkl
0017f878 T endswith
003a37c8 d endtic
0017d718 W EndTimer
0046f1c8 b endxpld
003a3698 D english_shiftxform
003828b0 T EnsurePlayerNameIsGood
004a1f44 b enterbubble
004a1f54 b enterlevel
0048af18 b enterprecise
004a1f40 b entertag
0048af0c b entertic
0050cf30 b entertic.2
0046c8d0 b entertic.9
004a1f4a b entertype
004a1f46 b enterwipe
0039fb40 D environ
004a6310 b epicenter.0
004a1138 b erasecontext
0046666c B errno
0052c444 b errorcount
0024dec0 T EV_BounceSector
00249800 t EV_BounceSector.part.0
0024d818 T EV_CrumbleChain
00226b18 T EV_DoCeiling
0024dee0 T EV_DoContinuousFall
00227388 T EV_DoCrush
0024cee0 T EV_DoElevator
0024c4e0 T EV_DoFloor
00296a70 T EV_DoPolyDoor
00296b38 T EV_DoPolyObjDisplace
00297018 T EV_DoPolyObjFade
00296e18 T EV_DoPolyObjFlag
00296568 T EV_DoPolyObjMove
00296340 T EV_DoPolyObjRotate
00296ca8 T EV_DoPolyObjRotDisplace
002967b8 T EV_DoPolyObjWaypoint
0024e1c8 T EV_MarioBlock
0024dfc8 T EV_StartCrumble
0046c8e8 B eventhead
0046c8f0 B events
0046c8e4 B eventtail
0047a962 b execversion_enabled
001514a0 T exit
0017c260 W Exit
004a1f45 b exitbubble
00475278 B exitfadestarted
00473b85 b exitgame
0048a2b8 b exiticon
004a1f58 b exitlevel
0037f4d8 t ExitMove_OnChange
004a1f42 b exittag
0017e2f0 T ExitThread
004a1f4c b exittype
004a1f48 b exitwipe
00374418 T ExpandTics
00344ef0 t ExpectToken
004a6324 b exploderadius
004a6320 b explodethrust
0048b760 b explosionring
0040f8d8 r extendTLB
0040dbf0 r extra_blbits
004b4330 B extra_colormaps
0040dc40 r extra_dbits
0040dcb8 r extra_lbits
003767e8 T ExtraDataTicker
0048f1b8 B extraemblems
003a3112 D extralifetics
00407628 D exttable
001a6128 t F_AdvanceToNextPage
001a3e90 T F_ContinueDrawer
001a4d28 T F_ContinueResponder
001a4750 T F_ContinueTicker
0019baf8 T F_CreditDrawer
0019c200 T F_CreditResponder
0019c460 T F_CreditTicker
001a4f00 T F_CutsceneDrawer
001a55d0 T F_CutsceneResponder
001a50a0 T F_CutsceneTicker
00197d70 t F_DrawContinueCharacter
001a4e00 T F_EndCutScene
0019d878 T F_EndingDrawer
0019d678 T F_EndingTicker
001a57f8 T F_EndTextPrompt
0019f770 T F_GameEndDrawer
0019f778 T F_GameEndTicker
0019c690 T F_GameEvaluationDrawer
0019d010 T F_GameEvaluationTicker
00197ea0 t F_GetPageTextGeometry
001a5680 T F_GetPromptHideHud
001a5600 T F_GetPromptHideHudAll
001a5bd0 T F_GetPromptPageByNamedTag
001a85b8 T F_GetWipeLength
0047a77c b f_h
0019f7a0 T F_InitMenuPresValues
0019a498 T F_IntroDrawer
0019b960 T F_IntroResponder
0019b488 T F_IntroTicker
001980d0 t F_LoadAlacroixGraphics
001a3818 T F_MenuPresTicker
0047a720 b f_oldloc
00199ea0 t F_PreparePageText
001a7948 T F_RunWipe
001a7868 T F_ShouldColormapFade
0019f940 T F_SkyScroll
00199c98 t F_SkyScroll.part.0
001a3ae8 T F_StartContinue
0019ba28 T F_StartCredits
001a4ed0 T F_StartCustomCutscene
0019a070 t F_StartCustomCutscene.part.0
0019d298 T F_StartEnding
0019c390 T F_StartGameEvaluation
0019a238 T F_StartIntro
001a58e0 T F_StartTextPrompt
0019f998 T F_StartTitleScreen
001a74b8 T F_StartWaitingPlayers
001a64c0 T F_TextPromptDrawer
001a6ca8 T F_TextPromptTicker
001a3ad8 T F_TitleDemoTicker
001a00a8 T F_TitleScreenDrawer
001a3850 T F_TitleScreenTicker
001a78c0 T F_TryColormapFade
0047a780 b f_w
001a7520 T F_WaitingPlayersDrawer
001a74d0 T F_WaitingPlayersTicker
001a77f8 T F_WipeEndScreen
001a86b0 T F_WipeExists
001a77c8 T F_WipeStartScreen
00197b80 t F_WriteText
0047a788 b f_x
0047a784 b f_y
0014cf30 T fabs
0048b7f4 B faceprefix
004b2ab4 B fadecolormap
0052d580 b fading_callback
0052d590 b fading_duration
0052d588 b fading_last
0052d598 b fading_remaining
0052d5a1 b fading_source
0052d5a0 b fading_target
00157910 T fclose
00162e60 T fcntl
00162a18 T fdopendir
004c2b10 B ffloor
004d0348 b ffloortexturecolumn
00157cb0 T fflush
00157ed0 T fgetc
001581f8 T fgets
0021f370 T FIL_CheckExtension
0021f2f0 T FIL_DefaultExtension
0021f2a0 T FIL_FileExists
0021f2c8 T FIL_ReadFileOK
0021f180 T FIL_ReadFileTag
0021f0f8 T FIL_WriteFile
0052e0d8 B filedownload
00363528 t filemenucmp
00511678 b filenamebuf
00512310 b filenamebuf
0052e208 B fileneeded
0052e20c B fileneedednum
00158210 T fileno
0038a938 T FileReceiveTicker
00363668 T filesearch
0038a930 T FileSendTicker
0052e0cc b filesrequired
00399f10 D fileXio_irx
00106688 T fileXioClose
00105d30 T fileXioDclose
00105e40 T fileXioDopen
00105bf0 T fileXioDread
00104c18 T fileXioExit
00105f58 T fileXioGetStat
00104ab0 T fileXioInit
00105a70 T fileXioIoctl
00105898 T fileXioIoctl2
001061d8 T fileXioLseek
001060a0 T fileXioLseek64
00106ec8 T fileXioMkdir
00106798 T fileXioOpen
00106530 T fileXioRead
001068e0 T fileXioReadlink
00106c98 T fileXioRemove
00106b68 T fileXioRename
00106db0 T fileXioRmdir
00106a38 T fileXioSymlink
00106308 T fileXioWrite
00130428 t fill_window
0047329c B finalecount
00184ed0 t findCharacterSlot
0038ab60 T findfile
0038ac78 T findfolder
002b3928 t FindFolder
00367358 t FindFreeSlot
0036cc10 t FindRejoinerNum
003e0324 D finecosine
003e0328 D finesine
003ea328 D finetangent
0038d66c t fini
0048b5a0 b finishoffs.3
0014a7e0 T finite
0017a410 T fioClose
0017acb0 T fioDclose
0017abc0 T fioDopen
0017ad90 T fioDread
0017cd10 T fioExit
0017aee0 T fioGetstat
0017cbd0 T fioInit
0017aa68 T fioIoctl
0017a808 T fioLseek
0017a908 T fioMkdir
0017a2d8 T fioOpen
0017a4f0 T fioRead
0017b040 T fioRemove
0017b130 T fioRmdir
0017a658 T fioWrite
00155da8 T fiprintf
0048b5ec b fireflower
00519928 B firstconnectattempttime
004af55c B firstseg
00522bc8 B firstticstosend
00306920 T FixedAngle
00306998 T FixedAngleC
001f4e78 T FixedHypot
001f4e28 T FixedSqrt
0047a700 b fl.1
0048b588 b flagoffs.0
003dd998 d flagtime_cons_t
0048b734 b flameshield
003a311a D flashingtics
004b2ab0 B flatmemory
003a19f0 D FLICKYTYPES
0031fc48 t FlipCam_OnChange
0031fc50 t FlipCam2_OnChange
004d25f0 b flippedcol
004d25ec b flippedcolsize
004a6448 B floatok
0014a3e8 T floor
004c2888 B floorclip
004cfb38 B floorplane
001306f0 t flush_pending
00179520 T FlushCache
004732a0 b fm.2
001f5790 T FM_MultMatrixVec4
00306f88 T FM_RotateX
00307000 T FM_RotateZ
0048b5f0 b fnshico
004b3f78 B focallengthf
004075e0 d folderblacklist
003a3314 d followplayer
00158a20 T fopen
003635d0 T fopenfile
0048b74c b forceshield
00384550 t ForceSkin_OnChange
0017dcf0 W ForTimer_InitAlarm
0048b858 b found
004ae2c4 B foundflats
0040af88 r fourbppswaptable
003ef0c8 d fov_cons_t
00320140 t Fov_OnChange
004be084 B fovtan
0040e180 r fpi.1
0040e168 r fpinan.0
00158a70 T fprintf
003787f8 t fprintfstringnewline
0050cf38 b fps_enter
0050cf40 b fps_init
003ee430 d fpscap_cons_t
00158ba8 T fputc
00158e18 T fputs
0047ad74 b fracmovement.0
003a3ca4 d frame.9
00104a70 t frame_dummy
0052c4b0 b frame_epoch
0052c4b8 b frame_frequency
0050cf44 b frame_index
0052c4c0 b frame_rate
004be080 B framecount
0052fdd8 b frames
001591f8 T fread
001516a0 T free
0046d7e8 B FREE_MOBJS
0046d768 B FREE_SKINCOLORS
003d5750 D free_spr2
0046d868 B FREE_STATES
004a64ac b freeblocks
0038a6d0 T FreeFileNeeded
003ef184 d freehead
004a64a8 b freeiters
003ab398 d freename.13
0050f208 B freeslotnames
0046d748 B freeslots_mt
0046d74c B freeslots_s
0046d754 B freeslots_sfx
0046d744 B freeslots_skincolor
0046d750 B freeslots_spr
0046d740 B freeslots_spr2
0046d73c B freeslots_tol
004cfb3c b freetail
0017f420 T FreeTimerCounter
0014a610 T frexp
004a3518 B fromlevelselect
004c2108 B frontscale
004afa94 B frontsector
00159220 T fseek
0015b790 T fseeko
00162e78 T fstat
00159258 T ftell
0015b9c8 T ftello
0047a768 b ftom_zoommul
0045a248 r FUME_SKINCOLORS.0
001f4fe8 T FV2_AddEx
001f4fe0 T FV2_Copy
001f5038 T FV2_MulEx
001f5010 T FV2_SubEx
001f50d0 T FV3_AddEx
001f50c0 T FV3_Copy
001f5678 T FV3_Cross
001f5240 T FV3_Divide
001f55e8 T FV3_Dot
001f5090 T FV3_Load
001f51c0 T FV3_Mul
001f5140 T FV3_MulEx
001f55b8 T FV3_Negate
001f55b0 T FV3_Normalize
001f5390 T FV3_NormalizeEx
00306ad8 T FV3_Rotate
001f5108 T FV3_SubEx
001f50c8 T FV4_Copy
001f50a8 T FV4_Load
00159b08 T fwrite
00105860 t fxio_ctl_intr
0052c8e8 b g
001b8100 T G_AddGametype
001b8180 T G_AddGametypeConstant
001b84e8 T G_AddGametypeTOL
001ac3f8 T G_AddGhost
001b86d0 T G_AddPlayer
001b0d58 T G_AddTempNightsRecords
001b8438 T G_AddTOL
001b92b8 T G_AfterIntermission
0046bc90 B g_AlarmBuf
001b0ab0 T G_AllocMainRecordData
001b0b68 T G_AllocNightsRecordData
001aa8f0 T G_BeginMetal
001aa000 T G_BeginRecording
001b0fe0 T G_BuildMapName
001bbd78 T G_BuildMapTitle
001b21a0 T G_BuildTiccmd
001b7418 T G_ChangePlayerReferences
001a8770 t G_CheckDemoExtraFiles.constprop.0
001ac218 T G_CheckDemoForError
001adad0 T G_CheckDemoStatus
001be768 T G_CheckDoubleUsage
001bceb0 t G_CheckDoubleUsage.part.0
001b06b0 t G_CheckSpot
001bdcb8 T G_ClearAllControlKeys
001bdca0 T G_ClearControlKeys
001bcb98 T G_ClearExitGameFlag
001bcbc8 T G_ClearModeAttackRetryFlag
001b0bd8 T G_ClearRecords
001b1d60 T G_ClipAimingPitch
001aaae8 T G_CmpDemoTime
001b8a18 T G_CompetitionGametype
001aed78 T G_ConsGhostTic
001b94d0 T G_Continue
001af5d0 T G_ConvertOldFrameFlags
001b89e8 T G_CoopGametype
001be568 T G_CopyControls
001b5800 T G_CopyTiccmd
00469c80 B g_CounterBuf
001bbbf8 T G_DeferedInitNew
001ab178 T G_DeferedPlayDemo
001be148 T G_DefineDefaultControls
001b58a0 T G_DoLoadLevel
001ad098 T G_DoneLevelLoad
001ab1c0 T G_DoPlayDemo
001acde0 T G_DoPlayMetal
001b74f0 T G_DoReborn
001b9508 T G_EndGame
001b7eb0 T G_EnoughPlayersFinished
001b7ff8 T G_ExitLevel
001bd070 t G_FilterKeyByVersion
001b6fc8 T G_FindCoopStart
001b6b10 T G_FindCTFStart
001bc500 T G_FindMap
001bc978 T G_FindMapByNameOrCode
001b70b0 T G_FindMapStart
001b6e78 T G_FindMatchStart
001accb0 T G_FreeGhosts
001b8998 T G_GametypeHasSpectators
001b8980 T G_GametypeHasTeams
001b8950 T G_GametypeUsesCoopLives
001b8968 T G_GametypeUsesCoopStarposts
001b8618 T G_GametypeUsesLives
001b0d30 T G_GetBestNightsGrade
001b0cd0 T G_GetBestNightsScore
001b0cf8 T G_GetBestNightsTime
001b0cb0 T G_GetBestRings
001b0c60 T G_GetBestScore
001b0c80 T G_GetBestTime
001be430 T G_GetControlScheme
001bcba8 T G_GetExitGameFlag
001b8500 T G_GetGametypeByName
001bcbd8 T G_GetModeAttackRetryFlag
001b8a60 T G_GetNextMap
001a8bf0 T G_GhostAddColor
001a8ba0 T G_GhostAddFlip
001a8cc8 T G_GhostAddHit
001a8b50 T G_GhostAddRev
001a8c58 T G_GhostAddScale
001a8b00 T G_GhostAddSpin
001a8ab0 T G_GhostAddThok
001a8d78 T G_GhostTicker
001b0440 t G_HandleAxisDeadZone
001ba548 t G_HandleSaveLevel
001bbf88 T G_InitNew
001b85a0 T G_IsSpecialStage
001b5cf8 T G_IsTitleCardAvailable
001bdda0 T G_KeyNameToNum
001bdcf0 T G_KeyNumToName
001ba070 T G_LoadGame
001b95b0 T G_LoadGameData
001b9568 T G_LoadGameSettings
001ad000 T G_LoadMetal
001b6530 T G_LuaResponder
001bd4d0 T G_MapEventsToControls
001b72e0 T G_MovePlayerToSpawnOrStarpost
001b5810 T G_MoveTiccmd
001b9468 T G_NextLevel
0046bc80 B g_pFreeAlarm
001b89d0 T G_PlatformGametype
001b6538 T G_PlayerReborn
001b5bd8 T G_PreLevelTitleCard
001adf88 T G_ReadDemoTiccmd
001af6b8 T G_ReadMetalTic
001a9eb0 T G_RecordDemo
001a9f78 T G_RecordMetal
001b5dd0 T G_Responder
001b89b0 T G_RingSlingerGametype
00469c68 B g_RomName
001ba320 T G_SaveGame
001b9c00 T G_SaveGameData
001ba988 T G_SaveGameOver
001be5f0 T G_SaveKeySetting
001a8a38 T G_SaveMetal
001aaa00 T G_SetDemoTime
001bcb88 T G_SetExitGameFlag
001b0e48 T G_SetGameModified
001bcb78 T G_SetGamestate
001b80d8 T G_SetGametype
001b83a8 T G_SetGametypeDescription
001b10f8 t G_SetMainRecords
001be830 T G_SetMouseDeltas
001b1588 t G_SetNightsRecords
001bcbb8 T G_SetRetryFlag
001b0f28 T G_SetUsedCheats
001a8708 t G_SkipDemoExtraFiles.part.0
001b1db0 T G_SoftwareClipAimingPitch
001b73d0 T G_SpawnPlayer
001b5d80 T G_StartTitleCard
001ada20 T G_StopDemo
001ad0f8 T G_StopMetalDemo
001ad140 T G_StopMetalRecording
003a0cb8 D g_t10KConfig
001b8a00 T G_TagGametype
001bad00 T G_Ticker
001bcd80 T G_TicsToCentiseconds
001bcbe8 T G_TicsToHours
001bce18 T G_TicsToMilliseconds
001bcc40 T G_TicsToMinutes
001bccd8 T G_TicsToSeconds
0048af20 B g_time
001acd10 T G_TimeDemo
003a0cc0 D g_Timer
001b8a30 T G_TOLFlag
001b8358 T G_UpdateGametypeSelections
001b1b10 t G_UpdateVisited.part.0
001b9478 T G_UseContinue
001ae180 T G_WriteDemoTiccmd
001ae3e0 T G_WriteGhostTic
001ad238 T G_WriteMetalTic
00479878 B gameaction
00479810 B gamecomplete
004a3d40 b gameconfig_loaded
0047a340 B gamecontrol
0047a1e8 B gamecontrolbis
004799d8 B gamecontrolbisdefault
00479de0 B gamecontroldefault
00454f80 r gamecontrolname
0046d75b B gamedataadded
003a3188 D gamedatafilename
0035b500 t GameDigiMusic_OnChange
0047a498 B gamekeydown
003ab990 D gamelogic_rows
003abae0 D gamelogicbrief_row
00529274 B gamelostpercent
003a3146 D gamemap
0035b688 t GameMIDIMusic_OnChange
003a310c D gameovertics
00359800 t GameSounds_OnChange
00479874 B gamestate
004752c0 B gametic
0051280c b gametime
0052bf58 B gametype
004a32e8 B gametype_cons_t
003a1d68 D Gametype_ConstantNames
003a1dc8 D Gametype_Names
00407c94 D gametypecount
003a1d08 D gametypedefaultrules
003a7268 D gametypedesc
003a1cd8 D gametyperankings
00450f10 R GAMETYPERULE_LIST
0052bf54 B gametyperules
003a1c78 D gametypetol
003efa28 d gamma_cons_t
00455950 R gcl_camera
00455930 R gcl_jump
00455920 R gcl_jump_spin
00455958 R gcl_movement
00455938 R gcl_movement_camera
00455928 R gcl_spin
004559c0 R gcl_tutorial_check
00455968 R gcl_tutorial_full
004559a0 R gcl_tutorial_used
0012f6c8 T get_crc_table
001964d8 T get_huditem
00196628 T get_menutype
001928e8 T get_mobjtype
00185058 T get_number
00196340 T get_sfx
001957a8 T get_skincolor
001959a8 T get_sprite
00196230 T get_sprite2
00195608 T get_state
00529290 b getackpacket
003491c8 t GetAlphaFunc_16bpp
003491c0 t GetAlphaFunc_32bpp
003491d8 t GetAlphaFunc_8bpp
00529284 B getbps
005292a8 B getbytes
001caed0 t GetChatColorFromSkinColor
0036dcc8 t GetChatColorFromVideoFlag
003572c8 T GetColorLUT
00176d40 T getcwd
001774d8 T getdents
00363c50 T getdirectoryfiles
0017c2f8 T GetEntryAddress
001514f0 T getenv
003023a8 t GetExtent
00375cf8 T GetFreeXCmdSize
0017de98 T GetGP
00179550 T GetMemorySize
00297578 t GetNetColormapFromList
0017c3a0 T GetOsdConfigParam
0017c3d0 T GetOsdConfigParam2
0036b928 T GetPackets
00352678 T GetPalette
003323f0 T GetPlayerDefaultSkin
0036e8b0 t GetPrintableFileSize
0017b708 T GetRomName
0017b6a0 T GetRomNameWithIODriver
00297270 t GetSideDiff
003365a8 t GetSingleFrameAndRotation
00179480 T GetThreadId
0017ba30 T GetTimerSystemTime
003aa330 D ghost_cons_t
003aa318 D ghost2_cons_t
00473628 b ghostext
00473624 B ghosts
001ee2d8 t GIF_bwrwrite
001ef3e8 T GIF_close
0048b850 b gif_colorprofile
0048b830 b gif_delayus
0048b853 b gif_downscale
0048b852 b gif_dynamicdelay
003a3ae0 D gif_dynamicdelay_cons_t
001ee7e8 T GIF_frame
0048b848 b gif_framepalette
0048b840 b gif_frames
001ef4c8 T GIF_GetSize
0048b84c b gif_headerpalette
0048b851 b gif_localcolortable
003a3ac0 D gif_maxsize_cons_t
001ee598 T GIF_open
0048b854 b gif_optimize
001ee378 t GIF_optimizecmprow
0048b844 b gif_out
001ee518 t GIF_prepareLZW
0048b838 b gif_prevframetime
0048b82c b gif_writeover
0048b81c b gifbwr_bits_buf
003a396a d gifbwr_bits_min
0048b818 b gifbwr_bits_num
0048b828 b gifbwr_buf
0048b820 b gifbwr_bufsize
0048b824 b gifbwr_cur
0048b7fc b gifframe_data
003a3964 d gifframe_size
0048b800 b giflzw_hashTable
0048b804 b giflzw_nextCodeToAssign
0048b806 b giflzw_workingCode
00011324 W global.c.376a0603
00158458 t global_stdio_init.part.0
004d095c B globallevelskynum
004a3a34 b globalTokenizer
0047981c B globalweather
0015e4e0 T gmtime
0015e4f0 T gmtime_r
0046f220 b goodending
0037e9b8 t Got_Addfilecmd
0037e818 t Got_Addfoldercmd
003698a0 t Got_AddPlayer
00380558 t Got_Clearscores
00380620 t Got_ExitLevelcmd
0036acc8 t Got_KickCmd
0038a1e0 T Got_Luacmd
0038a1e8 T Got_LuaFile
00385ab0 t Got_Mapcmd
0037bd30 t Got_MotD_f
0037bb48 t Got_MutePlayer
00382ab8 t Got_NameAndColor
001c2400 t Got_NetVar
0037d9b8 t Got_Pause
0037b310 t Got_RandomSeed
00380798 t Got_Removal
0037de00 t Got_RequestAddfilecmd
0037db80 t Got_RequestAddfoldercmd
0037eba8 t Got_RunSOCcmd
001d5568 t Got_Saycmd
0037cc60 t Got_Suicide
0037cd58 t Got_Teamchange
00380870 t Got_Verification
0037ab50 t Got_WeaponPref
0048b5f4 b gotbflag
0048b5f8 b gotrflag
00473b34 B gottoken
003ef270 d grAb_chunk
0052c8dc B graphics_started
0048b720 b gravboots
00473afc B gravity
0037af98 t Gravity_OnChange
0047adc4 B graymap
0048b758 b grenadering
00009196 W gsCore.c.122a3ab3
000088c6 W gsCore.c.15bb34bb
00009fc1 W gsCore.c.253e9fe5
00007ce5 W gsCore.c.2e27438c
00008825 W gsCore.c.3793d3e9
000060e1 W gsCore.c.3b7f143b
0000bbde W gsCore.c.3ebdc62f
0000826c W gsCore.c.52cc6191
0000991f W gsCore.c.54b4c463
00009eb2 W gsCore.c.6053b9d3
000097ac W gsCore.c.7f94f7d3
0000bc7f W gsCore.c.98c3500e
0000a565 W gsCore.c.dfa50e99
0000b615 W gsCore.c.e30dc1a8
00005b40 W gsCore.c.eb1e1431
0000666f W gsInit.c.25595341
0000ab83 W gsInit.c.8e35898e
00006d8b W gsInit.c.a43e31fe
0000aadf W gsInit.c.ea38282c
00100a38 t gsKit_check_rom
00103c90 T gsKit_init_global_custom
00102cd0 T gsKit_init_screen
00102cb8 T gsKit_mode_switch
00100150 t gsKit_queue_exec_real.part.0
00100000 t gsKit_set_test
00100750 t gsKit_texture_size
00102b60 T gsKit_vram_alloc
0000ad9e W gsPrimitive.c.22c787d6
00179530 T GsPutIMR
000074a9 W gsTexManager.c.bb3fad24
0000b414 W gsTexManager.c.f3a56fbf
00007bd1 W gsTexture.c.d6a61d0a
0036e978 t HandleHTTPDownloadFail
00368938 t HandleNodeTimeouts.part.0
0036b528 t HandlePacketFromAwayNode
0036a7f0 t HandlePacketFromPlayer
005292e4 B hardware_MAXPACKETLENGTH
0046ec80 b head
004a0a50 b header.13
004a63dc b headprecipsecnode
004a63e0 b headsecnode
0050f0b8 B heatindex
0050f0c4 B heatshifter
00379d90 T HGetPacket
00473a70 B hidetime
0037f110 t Hidetime_OnChange
00473250 B hidetitlemap
0047529e B hidetitlepics
004a64c0 B highceiling
0026c2a8 t HighestOnLine
004a327c b highlightflags
003ab364 D hintpage
003ef078 d homremoval_cons_t
004afa80 B horizonline
00379220 T HSendPacket
001cc518 T HU_AddChatText
001d54a8 T HU_ClearCEcho
001cceb8 T HU_clearChatChars
0048560c B hu_demorings
00485614 B hu_demoscore
00485610 B hu_demotime
001d54e8 T HU_DoCEcho
001cbd00 t HU_Draw32Emeralds
001cb9b0 t HU_DrawCEcho
001cb218 t HU_drawChatLog
001d0570 T HU_DrawDualTabRankings
001ce800 T HU_DrawEmeralds
001d28a0 T HU_Drawer
001ce408 T HU_drawPing
001d11e8 t HU_DrawRankings
001cea08 t HU_DrawTabRankings.part.0
001cf588 T HU_DrawTeamTabRankings
0048ad48 B hu_font
001cc478 T HU_Init
001cbef8 T HU_LoadFontCharacters
001cbfb0 T HU_LoadGraphics
00522e59 B hu_redownloadinggamestate
001cb090 t HU_removeChatText_Mini
001ccf18 T HU_Responder
001d54b8 T HU_SetCEchoDuration
001d54d0 T HU_SetCEchoFlags
0048a33e B hu_showscores
001cc510 T HU_Start
00512828 B hu_stopped
0048a33c b hu_tick
001ccca0 T HU_Ticker
003a3868 D hudinfo
00450eb8 R HUDITEMS_LIST
003a3600 d hudlines_cons_t
0045a518 r hudminusalpha
0045a528 r hudplusalpha
003a3650 d hudtime_cons_t
003ef988 d hue_cons_t
00473b10 B hunt1
00473b0c B hunt2
00473b08 B hunt3
004abfd8 B huntemeralds
0048b7a8 b hunthoming
0014a088 T hypot
003a3c9c d i.2
005292c8 B I_Ban
003863e0 T I_BaseTiccmd
003863f0 T I_BaseTiccmd2
005292c4 B I_ClearBans
00386d28 T I_ClipboardCopy
00386d78 T I_ClipboardPaste
00386640 T I_Error
00389020 T I_FadeInPlaySong
00389008 T I_FadeSong
00388e38 T I_FadeSongFromVolume
003874b0 T I_FinishUpdate
00388780 T I_FreeSfx
005292bc B I_GetBanAddress
005292b8 B I_GetBanMask
00386cd0 T I_GetEnv
003863b0 W I_GetEvent
003868b0 T I_GetFreeMem
0038a0a0 T I_GetJoyName
005292c0 B I_GetNodeAddress
00386228 T I_GetPrecisePrecision
00386220 T I_GetPreciseTime
00386960 T I_GetRandomBytes
003874a0 T I_GetRefreshRate
00388770 T I_GetSfx
00388ae8 T I_GetSongLength
00388b60 T I_GetSongPosition
00386f10 T I_GetSysName
001d5e60 T I_GetTime
001d5e70 T I_InitializeTime
00389fe0 T I_InitJoystick
00389fe8 T I_InitJoystick2
00388a40 T I_InitMusic
0038a528 T I_InitNetwork
0038a530 T I_InitTcpNetwork
00388be8 T I_LoadSong
00386e40 T I_LocateWad
00386400 T I_lock_mutex
00386bb8 T I_mkdir
005292d8 B I_NetCloseSocket
005292d4 B I_NetFreeNodenum
005292e0 B I_NetGet
0037a378 T I_NetMakeNode
005292d0 B I_NetMakeNodewPort
005292cc B I_NetOpenSocket
005292dc B I_NetSend
0037a300 T I_NetSplitAddress
00389ff0 T I_NumJoys
003865e0 T I_OsPolling
00385fb0 T I_OutputMsg
00388d40 T I_PauseSong
00388ce0 T I_PlaySong
003864e8 T I_Quit
00387768 T I_ReadScreen
00386f08 T I_RegisterSysCommands
00388d98 T I_ResumeSong
005292b4 B I_SetBanAddress
00388df8 T I_SetInternalMusicVolume
00388de8 T I_SetMusicVolume
00387088 T I_SetPalette
00388908 T I_SetSfxVolume
00388af0 T I_SetSongLoopPoint
00388b10 T I_SetSongPosition
00388ae0 T I_SetSongSpeed
00388df0 T I_SetSongTrack
003863d0 T I_SetTextInputMode
00387060 T I_ShutdownGraphics
00388a48 T I_ShutdownMusic
00388798 T I_ShutdownSound
00386468 T I_ShutdownSystem
003862b0 T I_Sleep
003862d0 T I_SleepDuration
00388ad0 T I_SongPaused
00388ac0 T I_SongPlaying
00388ab0 T I_SongType
00388880 T I_SoundIsPlaying
003887c8 T I_StartSound
003872f8 T I_StartupGraphics
003863b8 T I_StartupMouse
003863c0 T I_StartupMouse2
00388788 T I_StartupSound
00386410 T I_StartupSystem
00386230 T I_StartupTimer
00385fa8 T I_stop_threads
00388e08 T I_StopFadingSong
00388710 T I_StopSong
00388858 T I_StopSound
0038a1d0 T I_Tactile
0038a1d8 T I_Tactile2
00388c78 T I_UnloadSong
00386408 T I_unlock_mutex
003863c8 T I_UpdateMouseGrab
003874a8 T I_UpdateNoBlit
00387728 T I_UpdateNoVsync
00388910 T I_UpdateSound
00388900 T I_UpdateSoundParams
001d5ed0 T I_UpdateTime
0017dfb0 T iAllocTimerCounter
00407930 d idleaction_cons_t
00369580 t IdleUpdate.part.0
0017f480 T iFreeTimerCounter
0017d078 T iGetTimerSystemTime
0052e0c0 B ignoregameinputs
00183578 t ignorelines
00184d78 T ignorelinesuntilhash
001270b8 t image_memory_flush
001272c0 t image_memory_write
004797fc B imcontinuing
00387040 t Impl_VideoSetupBuffer.part.0
0040dd78 r inc32table
004a361c b inComment.7
0025e2a0 t increment_move
0048b768 b infinityring
001348f8 T inflate
0040d270 R inflate_copyright
00137b48 T inflate_fast
001375d8 T inflate_table
00137570 T inflateCodesUsed
00137028 T inflateCopy
00136910 T inflateEnd
00136988 T inflateGetDictionary
00136b68 T inflateGetHeader
00134828 T inflateInit_
00134708 T inflateInit2_
001374d0 T inflateMark
00134838 T inflatePrime
001345a8 T inflateReset
00134610 T inflateReset2
00134508 T inflateResetKeep
00136a80 T inflateSetDictionary
001344b0 t inflateStateCheck
00136be0 T inflateSync
00136fb0 T inflateSyncPoint
001373d8 T inflateUndermine
00137440 T inflateValidate
00469058 b init
0038d640 t init
00466ec4 b init
0040df70 r init_jk
00378758 t InitAck
00104540 T InitAlarm
00357120 T InitColorLUT
0017bee8 W InitExecPS2
004666f8 b initial_env
003672d0 t Initialise
003abbb0 d initialseed
00466300 B initMode
003899b8 t InitSlot
0017bd70 W InitThread
0017d5e8 W InitTimer
0017c088 W InitTLB
0017bfd0 W InitTLBFunctions
004664ac B initVersionCdvdfsv
004664a8 B initVersionCdvdman
00483570 b input_cur
00483568 b input_len
0048356c b input_sel
00483574 b inputhist
00483578 b inputline
00483580 b inputlines
0017ded8 T InsertAlarm_ForTimer
004a64a0 b intercept_p
004a64a4 b intercepts
0048af30 B intermissiontypes
003787c8 t Internal_FreeNodenum
003787a8 t Internal_Get
003787e0 t Internal_Send
004094b4 d internal_volume
0046c8c9 b interp.7
0048afa8 b interpic
004b408c b interpolated_mobjs
004b4084 b interpolated_mobjs_capacity
004b4088 b interpolated_mobjs_len
003aba60 D interpolation_rows
0048af94 b intertic
0048af90 B intertype
0046ed64 B intro_curtime
0046ed68 B intro_scenenum
0046d759 B introchanged
00454e30 r introscenetime
0046ed20 B introtext
00473b15 B introtoplay
00408188 d inttime_cons_t
0047ad9c B invertmap
0048b728 b invincibility
004d0864 b invscale
003a311e D invulntics
00512288 b iobuf
0039b520 D iomanX_irx
004ac0dc B iquehead
004ac0d8 B iquetail
0017f330 T iReleaseWaitThread
0052d5a2 b is_fading
001551e8 T isalnum
0017c4e8 T isceSifSendCmd
0017de70 T isceSifSetDChain
0017de60 T isceSifSetDma
0017cf58 T IsEarlyJap
0017dd20 T iSetTimerAlarm
0017e0f8 T iSetTimerHandler
001794e0 T iSignalSema
0015fad8 t iso_year_adjust
00385490 T IsPlayerAdmin
00155200 T ispunct
00155218 T isspace
0017cec0 T IsT10KWithIODriver
0017e020 T iStartTimerCounter
00176af8 T iswspace
00176b00 T iswspace_l
0037ef90 T ItemFinder_OnChange
0048b790 b itemhoming
003ab38e d itemOn
004ad0e0 B itemrespawnque
004ac0e0 B itemrespawntime
0017be48 W iWakeupThread
003de2c0 D jingleinfo
00514650 B joindelay
00407b48 d joindelay_cons_t
004a3f48 B joinedIP
004a4048 B joinedIPlist
00512818 B joinnode
00407c24 D jointimeout
004082b8 d jointimeout_cons_t
0037ac08 t JoinTimeout_OnChange
001b1fd0 T Joy2Axis
00479888 b joy2dclicks
0047a690 B joy2xmove
0047a680 B joy2ymove
004736e8 b joyaiming.7
001b1e00 T JoyAxis
003a3050 d joyaxis_cons_t
0047a95c b joyaxis_count
0047a961 b joyaxis_default
0047a958 b joyaxis2_count
0047a960 b joyaxis2_default
00479930 b joydclicks
0052ddd0 b joyname.0
00479860 B Joystick
00479858 B Joystick2
004a3480 b joystickInfo
004a0a44 b joywait.8
0047a6b0 B joyxmove
0047a6a0 B joyymove
0048b750 b jumpshield
004a6348 b junk.0
00485619 b justscrolleddown
00485618 b justscrolledup
004a631c b k.1
0017c280 T kCopy
0040fa78 r kernelTLB
0017c310 T KExit
004736b8 b keyboard_look.0
004a3424 b keydown
0045b138 r keymap
00455030 r keynames
00479880 b keynamestr.0
00473278 b keypressed
0046f3c2 b knux_blink
0046f3c1 b knux_blink_twice
0046f3c0 b knux_blinked_already
0046f3b8 b knux_idle_end
0046f3bc b knux_idle_start
0047a6f0 b l.0
00164940 T labs
00456498 r LASERCOLORS.2
00179614 t last
004736d8 b last_centerviewdown.4
0050f154 b last_music_stack
004af014 b lastanim
0052f9bc b lastcount.6
003a1b5c D lastcustomtol
0046d714 B lastdraw
0052f9c4 b lastframe
0040906e D lastgoodcolor
0040906c D lastgoodcolor2
0050f0c0 B lastheight
003a3310 d lastlevel.2
003dd95c d lastleveltime.2
004ae23c B lastloadedmaplumpnum
004752b4 B lastmap
00479812 B lastmaploaded
004d0858 b lastopening
004732c8 B lastwipetic
004a0a28 b lastx.1
004a0a30 b lasty.3
0040d230 r lbase.3
0040c948 r lenfix.1
004aef90 B levelfadecol
004ae2c8 B levelflats
004b4098 b levelinterpolators
004b4094 b levelinterpolators_len
004b4090 b levelinterpolators_size
004a3514 B levellistmode
004aef91 B levelloading
004a3418 b levelselect
004a3410 b levelselectselect
004d0960 B levelskynum
004752bc B levelstarttic
004af144 B leveltime
004a33f8 b levselp
0040d1f0 r lext.2
0015a000 t lflush
0047adcc B lgreenmap
000045bc W libpad.c.e2e8196a
004afaa4 b lighttable_lutp
0030cab8 t LightTableNearest
0030a5a0 t LightTableNearest_LUT
004afa98 B linedef
004ae2b0 b linedefBlocks
004aefb0 B lines
003a37d8 D linkColor
0048b710 b linkfreeze
00367288 T ListAdd
00522be0 b listnetxcmd
0046d4f0 B liveeventbackup
0048b7dc B livesback
003aa190 d liveslimit_cons_t
0038d740 d lmb_patch.0
002981f8 t LoadCeilingThinker
00297d50 t LoadCrumbleThinker.constprop.0
00298650 t LoadElevatorThinker
00297958 t LoadFloormoveThinker.constprop.0
004a1e80 b loadgameoffset
004a1e84 b loadgamescroll
003a9f98 D loadless_cons_t
0029d518 t LoadMobjThinker.constprop.0
003507a0 t LoadPalette
00297760 t LoadPolymoveThinker
003756c8 T Local_Maketic
00473720 B localaiming
0047371c B localaiming2
00473718 B localangle
00473714 B localangle2
00522a88 B localcmds
00522948 B localcmds2
00162410 T localeconv
00512290 b localhaystack.0
004a125c b localservercount
00522d48 B localtextcmd
00522c48 B localtextcmd2
0015ea90 T localtime
0015eaa0 T localtime_r
003a2338 d lockedassist_cons_t
003a23d0 d lockedinput_cons_t
0052c4c8 B logfilename
0052c8c8 B logstream
001300c8 t longest_match
00162fac T longjmp
0038ae00 t LooksLikePath
0052d5b4 b loop_point
001795a4 t loop1
001795c4 t loop8
00475280 B looptitle
0052927c B lostpercent
00522bd0 B lowest_lag
004a64c4 B lowfloor
00162e90 T lseek
004a33f0 b lsoffs
00177258 T lstat
0048b5e4 b lt_active
0048b5bc B lt_endtime
0048b5c0 B lt_exitticker
0048a820 B lt_font
0048b5c4 B lt_lasttic
0048b5d0 b lt_mom
0048b5d8 b lt_patches
0048b5d4 b lt_scroll
0048b5c8 B lt_ticker
0048b5cc b lt_zigzag
0038a1f8 T LUA_Archive
0052e0c8 B lua_locallyloading
0038a2d0 T LUA_UnArchive
00473b40 B luabanks
004095e8 D luafiledir
0052e0d0 B luafiletransfers
003a1ac0 d lumpname.0
003a1ad0 d lumpname.1
003a1ae0 d lumpname.3
00363518 t lumpnamecompare
00511880 b lumpnumcache
0051187e b lumpnumcacheindex
00140d20 T LZ4_attach_dictionary
00149b38 T LZ4_compress
00149c08 T LZ4_compress_continue
00140978 T LZ4_compress_default
001409d8 T LZ4_compress_destSize
00140980 T LZ4_compress_destSize_extState
0013cd68 t LZ4_compress_destSize_extState_internal
00140940 T LZ4_compress_fast
00140d58 T LZ4_compress_fast_continue
0013b1e0 T LZ4_compress_fast_extState
0013dfe0 T LZ4_compress_fast_extState_fastReset
00144a40 T LZ4_compress_forceExtDict
00149b30 T LZ4_compress_limitedOutput
00149c00 T LZ4_compress_limitedOutput_continue
00149b98 T LZ4_compress_limitedOutput_withState
00149ba0 T LZ4_compress_withState
0013b188 T LZ4_compressBound
00149ca8 T LZ4_create
00140a08 T LZ4_createStream
001481d8 T LZ4_createStreamDecode
00148238 T LZ4_decoderRingBufferSize
00146aa0 T LZ4_decompress_fast
00148a50 T LZ4_decompress_fast_continue
0013af30 t LZ4_decompress_fast_extDict
001498f8 T LZ4_decompress_fast_usingDict
00147188 T LZ4_decompress_fast_withPrefix64k
00145fe8 T LZ4_decompress_safe
00148270 T LZ4_decompress_safe_continue
00147380 T LZ4_decompress_safe_forceExtDict
001464e0 T LZ4_decompress_safe_partial
00147aa8 T LZ4_decompress_safe_partial_forceExtDict
00148da0 T LZ4_decompress_safe_partial_usingDict
00148d58 T LZ4_decompress_safe_usingDict
00146c80 T LZ4_decompress_safe_withPrefix64k
0013aa20 t LZ4_decompress_safe_withSmallPrefix
00140b40 T LZ4_freeStream
001481e8 T LZ4_freeStreamDecode
00140a48 T LZ4_initStream
00140d10 T LZ4_loadDict
00140b70 T LZ4_loadDict_internal
00140d18 T LZ4_loadDictSlow
0013a990 t LZ4_renormDictT
00140aa0 T LZ4_resetStream
00140ab0 T LZ4_resetStream_fast
00149c80 T LZ4_resetStreamState
00145f30 T LZ4_saveDict
00148218 T LZ4_setStreamDecode
0013b1d8 T LZ4_sizeofState
00149c78 T LZ4_sizeofStreamState
00149ce8 T LZ4_slideInputBuffer
00149c68 T LZ4_uncompress
00149c70 T LZ4_uncompress_unknownOutputSize
0013b170 T LZ4_versionNumber
0013b178 T LZ4_versionString
003654c0 T lzf_compress
00365308 T lzf_decompress
001edec0 T M_AATreeAlloc
001edf08 T M_AATreeFree
001edaa0 t M_AATreeFree_Node
001ee1d0 T M_AATreeGet
001ee168 T M_AATreeSet
001ed840 t M_AATreeSet_Node
0021eb40 T M_AddMenuColor
001fc140 t M_AddonExec
001fc0d0 t M_AddonExec.part.0
00219ed0 t M_Addons
001f6680 t M_AddonsClearName
001f70f0 t M_AddonsHeaderPath
00214a48 t M_AddonsOptions
001f34b8 T M_AddRawCondition
001efc18 T M_AddToBox
0021f738 T M_AddToJoinedIPs
00219e70 t M_AllowSuper
001f38f0 T M_AnySecretUnlocked
001fc210 t M_AssignJoystick
001f5a78 t M_BanpyuraReportIssue
001f39f8 T M_CampaignWarpIsCheat
001f8fb8 t M_CancelConnect
002190c8 T M_CanShowLevelInList
001f71a0 t M_CanShowLevelOnPlatter
0021ae38 t M_ChangeControl
0021af00 t M_ChangecontrolResponse
001fbc48 t M_ChangeCvar
0020d108 T M_ChangeMenuMusic
001f3688 T M_CheckLevelEmblems
001ef5a8 T M_CheckParm
001f3db0 T M_CheckUnlockConditions
00213110 t M_ChooseNightsAttack
00212e60 t M_ChoosePlayer
002189c8 t M_ChooseRoom
00212cc8 t M_ChooseTimeAttack
001efbf8 T M_ClearBox
001f35a0 T M_ClearConditionSet
00212be8 T M_ClearMenus
001f4518 T M_ClearSecrets
001f3838 T M_CompletionEmblems
0021ca88 t M_ConfirmEnterGame
00213518 t M_ConfirmSpectate
0021aba8 t M_ConfirmTeamChange
002133b0 t M_ConfirmTeamScramble
00213828 t M_Connect
00218908 t M_ConnectMenu
0021ad50 t M_ConnectMenuModChecks
001f4620 T M_CopyGameData
001f3b48 T M_CountEmblems
002134f0 t M_Credits
00219d68 t M_CustomLevelSelect
002171c0 t M_CustomWarp
00219e10 t M_DestroyRobots
001fc1d0 t M_DestroyRobotsResponse
00221360 T M_DoScreenShot
0021b380 t M_DrawAddons
002029c8 t M_DrawCameraOptionsMenu
00203dc8 t M_DrawCenteredMenu
0020aa80 t M_DrawChecklist
00202d98 t M_DrawColorMenu
00208640 t M_DrawConnectMenu
001fc8b0 t M_DrawControl
002069c8 t M_DrawControlsDefMenu
00206f78 t M_DrawEmblemHints
00212728 T M_Drawer
00204de0 t M_DrawGenericMenu
00201908 t M_DrawGenericScrollMenu
001f5e38 t M_DrawImageDef
001ff7f8 t M_DrawJoystick
001fc670 t M_DrawLevelPlatterHeader.constprop.0
00211460 t M_DrawLevelPlatterMenu
002097a0 t M_DrawLevelStats
001fd890 t M_DrawLoad
00202ae0 t M_DrawMainVideoMenu
001f5a80 t M_DrawMapEmblems
0020d1c8 t M_DrawMarathon
001f5cd8 t M_DrawMenuTitle
001ffab0 t M_DrawMessageMenu
00206bb8 t M_DrawMonitorToggles
00205d68 t M_DrawMPMainMenu
0020e770 t M_DrawNightsAttackMenu
001f6230 t M_DrawNightsAttackMountains
00207d60 t M_DrawPauseMenu
00223ed8 T M_DrawPerfStats
001f6398 t M_DrawPlaystyleMenu
001f5fa8 t M_DrawRecordAttackForeground
002079a0 t M_DrawRejoinMenu
002092b8 t M_DrawRoomMenu
00202c48 t M_DrawScreenshotMenu
00207678 t M_DrawServerMenu
001fb438 t M_DrawSetupChoosePlayerMenu
001ffe40 t M_DrawSetupMultiPlayerMenu
001f68a0 t M_DrawSlider
001fa088 t M_DrawSoundTest
001fd298 t M_DrawStaticBox.constprop.0
002190a0 T M_DrawTextBox
001f66b8 t M_DrawThermo
0020fd30 t M_DrawTimeAttackMenu
001f9420 t M_DrawVideoMode
00214e28 t M_EmblemHints
001f4a90 T M_EmblemSkinNum
00219c88 t M_EndGame
00212bc8 T M_EndModeAttackRun
0021b160 t M_EraseData
00213418 t M_EraseDataResponse
002199b0 t M_EraseGuest
00213308 t M_ExitGameResponse
001f8e20 t M_ExitPandorasBox
002221d0 T M_FileError
001ef860 T M_FindResponseFile
0021fd40 T M_FirstLoadConfig
0021a458 t M_FirstTimeResponse
0021eaf8 T M_ForceSaveSlotSelected
0021ecc0 T M_FreePlayerSetupColors
002223b8 T M_Ftrim
00219e28 t M_GetAllEmeralds
001fc028 t M_GetColorGridIndex
001f4be0 T M_GetEmblemColor
001f4c08 T M_GetEmblemPatch
001f4ca8 T M_GetExtraEmblemColor
001f4cd0 T M_GetExtraEmblemPatch
001f4b48 T M_GetLevelEmblems
0021f3a0 T M_GetMovieFrames
0021f3b0 T M_GetMovieSize
001ef6c0 T M_GetNextParm
002217e8 T M_GetToken
001ef4d8 T M_GetUrlProtocolArg
00214518 t M_GoBack
001f3bc0 T M_GotEnoughEmblems
001f3d40 T M_GotHighEnoughRings
001f3c60 T M_GotHighEnoughScore
001f3cd0 T M_GotLowEnoughTime
001ff5d0 t M_GridPosToGridIndex
0047a750 b m_h
0021c320 t M_HandleAddons
00215180 t M_HandleChecklist
00218230 t M_HandleChoosePlayerMenu
0021ded0 t M_HandleConnectIP
001fbf40 t M_HandleEmblemHints
00213540 t M_HandleImageDef
002174b0 t M_HandleLevelPlatter
002154b0 t M_HandleLevelStats
0021e5f0 t M_HandleLoadSave
002146b0 t M_HandleMarathonChoosePlayer
00216788 t M_HandlePlaystyleMenu
002185d8 t M_HandleServerPage
002157c8 t M_HandleSetupMultiPlayer
00217e18 t M_HandleSoundTest
002147e0 t M_HandleTimeAttackLevelSelect
00216980 t M_HandleVideoMode
00218c50 T M_Init
00218fa8 T M_InitCharacterTables
0021efd8 T M_InitJoinedIPArray
0020cef0 T M_InitMenuPresTables
0021ebf0 T M_InitPlayerSetupColors
001ef660 T M_IsNextParm
00222200 T M_IsPathAbsolute
00222478 T M_IsStringEmpty
00222210 T M_JumpWord
002222a8 T M_JumpWordReverse
0047a778 b m_keydown
001f7408 t M_LevelAvailableOnPlatter
0021ab48 t M_LoadGame
0021f970 T M_LoadJoinedIPs
0021e3d8 t M_LoadSelect.isra.0
0021a198 t M_LocalAddons
0021cad8 t M_MapChange
001f3980 T M_MapLocked
0021f008 T M_MapNumber
0021a4f8 t M_Marathon
0021a758 t M_MarathonLiveEventBackup
002221c8 T M_Memcpy
004a358c B m_menu_mutex
0020cbe0 t M_ModeAttackEndGame
002132a8 T M_ModeAttackRetry
001f45c8 T M_NewGameDataStruct
00202c50 t M_NextOpt
0021a878 t M_NightsAttack
00214940 t M_Options
00219a68 t M_OverwriteGuest
00219c08 t M_OverwriteGuest_Last
00219c18 t M_OverwriteGuest_Rings
00219c38 t M_OverwriteGuest_Score
00219c28 t M_OverwriteGuest_Time
00214f60 t M_PandorasBox
0047a770 b m_paninc
0020caf8 t M_PatchSkinNameTable
0021e9c8 t M_PauseLevelSelect
00220bf0 t M_PNGText.constprop.0
001f7518 t M_PrepareLevelPlatter
00202cf0 t M_PrevOpt
001ef730 T M_PushSpecialParameters
00225c48 T M_QueueFree
00225c08 T M_QueueInit
00225c18 T M_QueueInsert
00225c28 T M_QueueIterator
001f6eb8 t M_QuitMultiPlayerMenu
001fc2b8 T M_QuitResponse
00219c48 t M_QuitSRB2
00224760 T M_RandomByte
002246e8 T M_RandomFixed
00224dc0 T M_RandomizedSeed
002247d8 T M_RandomKey
00224940 T M_RandomRange
00224b88 T M_RandomSeed
00224ab0 T M_RandomSeedFromOS
003abbb8 d m_randomstate
001f83c8 t M_ReadSaveStrings
001f9260 t M_Refresh
001f9240 t M_RefreshRejoins
00213898 t M_RejoinConnect
00216598 t M_RejoinMenu
0021aca8 t M_RejoinMenuModChecks
0021f910 T M_RemoveJoinedIP
00219500 t M_ReplayTimeAttack
001f8070 t M_ResetCvars
0021cbf8 T M_Responder
00219cf8 t M_Retry
00213348 t M_RetryResponse
00218720 t M_RoomMenu
002225f0 T M_RoundUp
00220208 T M_SaveConfig
0021ff48 t M_SaveConfig.part.0
00220a18 T M_SaveFrame
001fc240 t M_SaveGameDeleteResponse
0021e960 t M_SaveGameUltimateResponse
0021f600 T M_SaveJoinedIPs
00220ff8 T M_SavePNG
0021f430 T M_ScreenShot
002149d0 t M_ScreenshotOptions
0021f440 T M_ScreenshotResponder
00216d88 t M_SecretsMenu
001f3938 T M_SecretUnlocked
002133a8 t M_SelectableClearMenus
00214a90 t M_ServerOptions
002198c0 t M_SetGuestReplay
0020e500 T M_SetMenuCurBackground
002125e0 T M_SetMenuCurFadeValue
002126a0 T M_SetMenuCurTitlePics
001f8fd8 t M_SetPlayerSetupFollowItem
00216638 t M_Setup1PControlsMenu
0021ee30 t M_Setup1PJoystickMenu
00216618 t M_Setup1PPlaystyleMenu
002166f8 t M_Setup2PControlsMenu
0021ee70 t M_Setup2PJoystickMenu
002166d0 t M_Setup2PPlaystyleMenu
00216fe0 t M_SetupChoosePlayer.part.0
001ff1a8 t M_SetupChoosePlayerDirect.isra.0
0021ed38 T M_SetupJoystickMenu
00216408 t M_SetupMultiPlayer
00215600 t M_SetupMultiPlayer2
00213960 T M_SetupNextMenu
001f3648 T M_SilentUpdateSkinAvailabilites
001f4408 T M_SilentUpdateUnlockablesAndEmblems
00217238 t M_SinglePlayerMenu
001fbde8 T M_SortServerList
0021b210 t M_SoundTest
00212b80 T M_StartControlPanel
0020bd50 t M_StartControlPanel.part.0
00213098 t M_StartMarathon
00219110 T M_StartMessage
002207b0 T M_StartMovie
002136d8 t M_StartServer
00218af0 t M_StartServerMenu
00218ac0 t M_StartSplitServerMenu
00213910 t M_StartTimeAttackReplay
0021a1a8 t M_StartTutorial
0021f560 T M_StartupLocale
002153b8 t M_Statistics
00218b70 t M_StopMessage
0021eef0 T M_StopMovie
00222560 T M_StringToDecimal
002224d0 T M_StringToNumber
00218b98 T M_Ticker
0021a9e0 t M_TimeAttack
00222048 T M_TokenizerClose
002220a0 T M_TokenizerGetEndPos
00222020 T M_TokenizerOpen
00222078 T M_TokenizerRead
002220c0 T M_TokenizerSetEndPos
0021a2d0 t M_TutorialControlResponse
0021ea40 T M_TutorialSaveControlResponse
001f8060 t M_UltimateCheat
00222008 T M_UnGetToken
001f49d8 T M_UnlockableSkinNum
001f4188 T M_UpdateUnlockablesAndExtraEmblems
00214c08 t M_VideoModeMenu
00214bd0 t M_VideoOptions
0047a754 b m_w
004a3588 B m_waiting_mode
0047a764 b m_x
0047a75c b m_x2
0047a760 b m_y
0047a758 b m_y2
0047add0 B magentamap
00385eb0 T main
003a40c0 D MainDef
003a9e78 d MainMenu
00479804 B mainwads
00110b68 t make_ga_colormap
00110cc0 t make_rgb_colormap
00344e90 t MakeResult
00512930 B maketic
003024d8 t MakeViaVectors
00152128 T mallinfo
00151690 T malloc
00152150 T malloc_stats
00152160 T mallopt
004afaa8 b map
003a3ca0 d map.3
003aacd8 d map_cons_t
003a4070 D MAPauseDef
003a9e10 d MAPauseMenu
004a640c B mapcampointer
0052bebc B mapchangepending
00473b88 B mapheaderinfo
004a3511 B maplistoption
004ae240 b maplumpname
004aeff0 B mapmd5
00479828 B mapmusflags
00479830 B mapmusname
00479824 B mapmusposition
003a1b50 d mapname.8
00350410 t mappedpdraw
004ae2b8 b mapthingBlocks
004aefa8 B mapthings
00479820 B maptol
003a9fb0 D marathon_cons_t
0047980c B marathonmode
00479808 B marathontime
004d0951 b markceiling
004d0952 b markfloor
004d0950 b maskedtexture
004d0870 b maskedtexturecol
004d086c b maskedtextureheight
0038a520 t MasterServer_Debug_OnChange
0038a508 t MasterServer_OnChange
00409a98 d masterserver_update_rate_cons_t
00409388 d matchboxes_cons_t
004a6488 b max_intercepts.0
0047a738 b max_scale_mtof
004b2ac0 B max_spritelumps
0047a744 b max_x
0047a740 b max_y
004af00c b maxanims
004d0344 b maxdrawsegs.0
004d2c94 b maxframe
0052c8d8 b maximum.2
00407ba0 d maxplayers_cons_t
003ef098 d maxportals_cons_t
004095d0 d maxsend_cons_t
003a310a D maxXtraLife
00176a50 T mbrtowc
004d2608 B mceilingclip
001b0760 t measurekeywords
00154b20 T memalign
0015b9d8 T memchr
0015bac0 T memcmp
0015bb50 T memcpy
0015bc98 T memmove
0038c0d0 t memory
0015be90 T memset
004a3519 B menuactive
003eefb0 d menubg_cons_t
003ef478 d menucolor_cons_t
0046d6f4 B menucolorhead
0046d6f0 B menucolortail
00407654 D menudepthleft
005123f8 B menupath
005123a8 B menupathindex
004a1f60 B menupres
004a1258 b menuRoomIndex
00512380 B menusearch
00450dd0 R MENUTYPES_LIST
004a0a24 b message.0
003a3cc0 D MessageDef
004a1f28 b MessageMenu
00473644 b metal_p
00473648 b metalbuffer
0047364c B metalplayback
00473650 B metalrecording
00473640 b metalversion
004d260c B mfloorclip
0046d703 B midi_disabled
004d0944 b midtexture
0047a73c b min_scale_mtof
0047a74c b min_x
0047a748 b min_y
00407870 d mindelay_cons_t
0048b5fc b minicaps
00409470 d minimum.3
004088b0 d minitimelimit_cons_t
004a6330 b minus
0048b600 b minus5sec
003a4098 D MISC_AddonsDef
003a9e60 d MISC_AddonsMenu
003ab8b0 D misc_calls_rows
003a4020 D MISC_ChangeLevelDef
003a7250 d MISC_ChangeLevelMenu
003ab278 D MISC_ChangeTeamDef
003a9bf0 d MISC_ChangeTeamMenu
003a3ff8 D MISC_HelpDef
003a71e8 d MISC_HelpMenu
003ab2a0 D MISC_ScrambleTeamDef
003a9c18 d MISC_ScrambleTeamMenu
001fb350 t MIT_ChangeMusic
001f8110 t MIT_SetCurTitlePics
00177688 T mkdir
0015f430 T mktime
004ae1e8 B mobjcache
003ae6d8 D mobjinfo
004a6304 b mobjinfobackup
004a62f4 b mobjinfobackupsize
00450f98 R MOBJTYPE_LIST
002db398 t MobjTypeName
004797fe B modeattacking
004a0f60 b modedescs
0014a7f8 T modf
00479802 B modifiedgame
004a6334 B modulothing
00513d48 B motd
0047a6d8 B mouse
0047a6c0 B mouse2
00479918 b mouse2dclicks
00409420 d mouse2port_cons_t
004799c0 b mousedclicks
00409508 D mousegrabbedbylua
003a32f8 d mousesens_cons_t
004a0a38 b mousewait.5
004a6128 b movieframesrecorded
004a612c B moviemode
003ab7c0 d moviemode_cons_t
0020cde8 T Moviemode_mode_Onchange
0020ceb8 T Moviemode_option_Onchange
003a3df0 D MP_ConnectDef
003a6158 d MP_ConnectMenu
003ab0c0 D MP_MainDef
003a6420 d MP_MainMenu
003a3d78 D MP_PlayerSetupDef
003a5fa0 d MP_PlayerSetupMenu
003a3dc8 D MP_RejoinDef
003a6318 d MP_RejoinMenu
003a3da0 D MP_RoomDef
003a5ff0 D MP_RoomMenu
003a3e18 D MP_ServerDef
003a6288 d MP_ServerMenu
003a3e40 D MP_SplitServerDef
003a64e8 d MP_SplitServerMenu
003a4048 D MPauseDef
003a9ce0 d MPauseMenu
001521b0 T mstats
0047a76c b mtof_zoommul
004a117c b multi_followitem_duration
004a1180 b multi_followitem_frame
004a1182 b multi_followitem_numframes
004a1174 b multi_followitem_scale
004a1184 b multi_followitem_skinnum
004a1188 b multi_followitem_sprdef
004a1181 b multi_followitem_startframe
004a1178 b multi_followitem_tics
004a1170 b multi_followitem_yoffset
004a1192 b multi_frame
004a118d b multi_invcolor
004a118c b multi_override
004a118e b multi_paused
004a1190 b multi_spr2
004a1194 b multi_tics
004797f8 B multiplayer
003de260 d multiplier_cons_t
0050f188 b music_name
0050f15c B music_stack_fadein
0050f160 B music_stack_fadeout
0050f164 B music_stack_noposition
0050f158 b music_stacks
003efa9c D musicdefstart
0035b810 t MusicPref_OnChange
00380338 t Mute_OnChange
0037c0f0 t MutePlayer
0046c090 b mutexCtr.0
0048b864 B myargc
0048b85c B myargmalloc
0048b860 B myargv
001832f0 T myfgets
00184a68 T myhashfgets
00519924 B mynode
00383ff8 t Name_OnChange
00383590 t Name2_OnChange
0038aa30 T nameonly
0038aad0 T nameonlylength
0036c3e0 T nametonum
00163018 T nan
00163028 T nanf
0048b660 b narrow
0048b688 b nbon
0048b6f4 b nbracket
0039f460 D nCmdSemaId
0030c4c0 T NearestPaletteColor
0051281c B neededtic
0050c9e8 B negonearray
00379b48 T Net_AckTicker
00379890 T Net_CloseConnection
004ae220 b net_colormaps
00379a90 T Net_ConnectionTimeout
00378d10 T Net_GetNetStat
0038a5a0 T Net_IsNodeIPv6
00378ed0 T Net_UnAcknowledgePacket
0052bca4 B netbuffer
00519940 B netcmds
004797f9 B netgame
0036b9d0 T NetKeepAlive
00512ad8 B netnodes
00407a98 d netticbuffer_cons_t
00408308 d nettimeout_cons_t
0037abf0 t NetTimeout_OnChange
0036bba8 T NetUpdate
00407c30 D netxcmdnames
00324268 t new_visplane
004afa78 b newend
001ff6e0 t Newgametype_OnChange
00220358 t Newsnapshotfile
003ee3f0 D newview
0052f9a0 b next.1
003a3120 D nextgametype
00473a6c B nextmap
0020c410 T Nextmap_OnChange
00474be6 B nextmapoverride
004b3f68 B nflatmask
004b3f6c B nflatshiftup
004b3f74 B nflatxshift
004b3f70 B nflatyshift
0048b608 B ngradeletters
0048b6c0 b nhud
0048b714 b nightopianhelper
00454360 R NIGHTSGRADE_LIST
0048b778 b nightslink
003a3110 D nightslinktics
0048a460 B nightsnum
004736b4 B noblit
004d25d0 b nodebankhead
00522f00 b nodes
004aefb4 B nodes
004736b5 B nodrawers
004a1f3e b noFurtherInput
0017f638 T nongnu_strcasestr
0048b71c b nonicon
0048b718 b nonicon2
0048a2b4 b nopingicon
0048b770 b normring
0040dd98 r npio2_hw
0048b640 b nredar
0048b6f0 b nring
0048b684 b nssbon
0048b6b8 b nsshud
0048a668 B ntb_font
0048b9b0 B ntemprecords
0048a4b0 B nto_font
004a3430 b ntsatkdrawtimer
004ae218 b num_ffloors
004ae21c b num_net_colormaps
004af564 B num_po_ptrs
0050d0a0 B num_tags
004d093c b numbackffloors
0052fdd4 b numbers
004aef60 B numbluectfstarts
004aef68 B numcoopstarts
0050cc94 b numcustomtranslations
004797fa B numDemos
004a3524 B numdescriptions
004aef6c B numdmstarts
0048c4b4 B numemblems
0048c4b0 B numextraemblems
004c2b08 B numffloors
00479806 B numgameovers
004abfd0 B numhuntemeralds
00408500 d numlaps_cons_t
0037ed40 t NumLaps_OnChange
004ae2cc B numlevelflats
004aefd0 B numlines
00473b20 B nummaprings
004aefc8 B nummapthings
004aefd4 B numnodes
0050f200 b numofchannels
004d0860 b numopenings
0050ccac b numpaletteremaps
0046ecc0 b numpics
004ae20c B numPolyObjects
004af568 B numpolys
004aef64 B numredctfstarts
004a3478 b numsaves
004aefdc B numsectors
004aefe0 B numsegs
004ae0e4 B numshields
004aefcc B numsides
0046d6f8 B numskincolors
004d0958 B numskins
0050f168 B numsoundtestdefs
004b2ac4 B numspritelumps
004d5e98 B numsprites
004aef98 B numstarposts
004aefd8 B numsubsectors
0050cc90 B numtextures
004d0940 b numthicksides
004aefe4 B numvertexes
004d2c64 B numvisiblesprites
0051187c B numwadfiles
004ae2d0 B numwaypoints
0045daf8 b object.0
0048b89c B objectplacing
0048b7f8 B objectsdrawn
0047a730 b old_m_h
0047a734 b old_m_w
0047a72c b old_m_x
0047a728 b old_m_y
003ef188 d old_spr2
00473618 b oldcmd
004a3a3c b oldendPos
0048af10 b oldenterprecise
0046c8d4 b oldentertics
0048af08 b oldentertics
0050cf2c b oldentertics.1
004732d8 b oldghost
00473478 b oldmetal
00522e68 b oldsendbyte.0
004a3a30 b oldtic.12
003ee3f4 d oldview
004b40a0 b oldview_invalid
0040df28 r one
0040b188 r onebppswaptable
003a32e0 d onecontrolperkey_cons_t
004af1f4 b onground
003a3d10 D OP_AddonsOptionsDef
003a4510 d OP_AddonsOptionsMenu
003aad78 D OP_BanpyuraOptionsDef
003a48d8 d OP_BanpyuraOptionsMenu
003a5138 d OP_Camera2ExtendedOptionsMenu
003aaf58 D OP_Camera2OptionsDef
003a54a8 d OP_Camera2OptionsMenu
003a52f0 d OP_CameraExtendedOptionsMenu
003aaf80 D OP_CameraOptionsDef
003a5598 d OP_CameraOptionsMenu
003ab098 D OP_ChangeControlsDef
003a59c8 d OP_ChangeControlsMenu
003aaeb8 D OP_ColorOptionsDef
003a4bf0 d OP_ColorOptionsMenu
0048b894 B op_currentdoomednum
0048b898 B op_currentthing
001efde8 t OP_CycleThings
003aae40 D OP_DataOptionsDef
003a4a58 d OP_DataOptionsMenu
0048b890 B op_displayflags
003aadf0 D OP_EraseDataDef
003a45b0 d OP_EraseDataMenu
003a3bf8 d op_flags_t
001f2560 T OP_FreezeObjectplace
003a3be0 d op_hoopflags_t
003aafd0 D OP_Joystick1Def
003a58c0 d OP_Joystick1Menu
003aafa8 D OP_Joystick2Def
003a57b8 d OP_Joystick2Menu
003a3d50 D OP_JoystickSetDef
004a3280 b OP_JoystickSetMenu
003ab2c8 D OP_MainDef
003a5ee8 d OP_MainMenu
003a3c28 d op_mapthing_t
003aada0 D OP_MonitorToggleDef
003a40e8 d OP_MonitorToggleMenu
003aaff8 D OP_Mouse2OptionsDef
003a5688 d OP_Mouse2OptionsMenu
003ab020 D OP_MouseOptionsDef
003a5728 d OP_MouseOptionsMenu
001f25d0 T OP_ObjectplaceMovement
0048b868 b op_oldcolor
0048b880 b op_oldeflags
0048b888 b op_oldflags1
0048b884 b op_oldflags2
0048b870 b op_oldheight
0048b87c b op_oldmomx
0048b878 b op_oldmomy
0048b874 b op_oldmomz
0048b88c b op_oldpflags
0048b86c b op_oldstate
003aad50 D OP_P1BanpyuraOptionsDef
003a4838 d OP_P1BanpyuraOptionsMenu
003ab070 D OP_P1ControlsDef
003a5e58 d OP_P1ControlsMenu
003aad28 D OP_P2BanpyuraOptionsDef
003a4798 d OP_P2BanpyuraOptionsMenu
003ab048 D OP_P2ControlsDef
003a5dc8 d OP_P2ControlsMenu
003aaf30 D OP_PlaystyleDef
003a3d38 d OP_PlaystyleMenu
001f25b8 T OP_ResetObjectplace
003aae18 D OP_ScreenshotOptionsDef
003a45f0 d OP_ScreenshotOptionsMenu
003aadc8 D OP_ServerOptionsDef
003a41f0 d OP_ServerOptionsMenu
003aae68 D OP_SoundAdvancedDef
003a4a98 d OP_SoundAdvancedMenu
003aae90 D OP_SoundOptionsDef
003a4ae8 d OP_SoundOptionsMenu
003a3c10 d op_speed_t
003aaee0 D OP_VideoModeDef
003a4e60 d OP_VideoModeMenu
003aaf08 D OP_VideoOptionsDef
003a4e78 d OP_VideoOptionsMenu
00162ea8 T open
004a64cc B openbottom
004a64b8 B openbottomslope
004a64b0 B openceilingrover
001629d8 T opendir
004a64b4 B openfloorrover
004d085c b openings
004a64c8 B openrange
0045b580 b openSlot
004a64d0 B opentop
004a64bc B opentopslope
004564f8 r opposite
0012b230 t optimize_cmf.part.0
0047adbc B orangemap
0040d148 r order.2
0048b700 b orngstat
0039fc00 D osdsrc
0038c070 t output.constprop.0
004d2610 b overflowsprite
004ae1ec b overlaycap
0046dc68 b own.0
002e3ae8 t P_3dMovement
002ca1b8 t P_AddAirbob
002ae840 t P_AddBinaryMapTagsFromLine
002c9318 t P_AddExecutorDelay
002cc290 t P_AddFakeFloor
002ccad0 t P_AddFakeFloorsByLine
002c7350 T P_AddFolder
002c73b0 T P_AddFolderLocal
002c20e8 T P_AddGradesForMare
002c2660 T P_AddLevelFlatRuntime
002c24a0 T P_AddNiGHTSTimes
002ecc50 T P_AddPlayerScore
0025d3d8 t P_AddPrecipSecnode
002ca2d0 t P_AddRaiseThinker
0025d1c8 t P_AddSecnode
002dbb30 T P_AddThinker
002c7290 T P_AddWadFile
002c72f0 T P_AddWadFileLocal
002c18b0 T P_AddWaypoint
00273a98 T P_AdjustMobjFloorZ_FFloors
00273650 t P_AdjustMobjFloorZ_FFloors.part.0
0026dbc8 t P_AdjustMobjFloorZ_PolyObjs.isra.0
00277b80 T P_AfterPlayerSpawn
002c1e98 T P_AllocMapHeader
0026df18 t P_AllowMobjSpawn
002d6880 T P_ApplyFlatAlignment
00331b20 T P_ApplySuperFlagToSprite2
00268e58 T P_AproxDistance
00276090 T P_Attract
002e0478 T P_AutoPause
00226180 T P_BackupTables
002941b0 T P_BBoxInsidePolyobj
002e8288 T P_BlackOw
0026b130 T P_BlockLinesIterator
0026b308 T P_BlockThingsIterator
002753a0 t P_Boss1Thinker
0027e890 t P_Boss3Thinker
0026d908 t P_Boss4DestroyCage.part.0
0026d860 t P_Boss4MoveCage.part.0
0026cc60 t P_Boss4MoveSpikeballs
0026ca08 t P_Boss4PinchSpikeballs
0027f390 t P_Boss4Thinker
0026fe50 t P_Boss5Thinker
00275140 T P_BossTargetPlayer
00266bf0 T P_BounceMove
00269550 T P_BoxOnLineSide
00270168 t P_BumbleboreThink
00306330 T P_ButteredSlope
00274770 T P_CalcChasePostImg
002e37c8 T P_CalcHeight
00302fc0 T P_CalculateSlopeVectors
0026c050 t P_CameraCheckHeat
0026bf70 t P_CameraCheckWater
00269680 T P_CameraLineOpening
002748c8 T P_CameraThinker
0024f298 T P_CanPickupEmblem
0024f1f0 T P_CanPickupItem
002d49d8 T P_CanPlayerTrigger
002734c0 T P_CanRunOnWater
00268900 T P_CeilingzAtPos
002de6a0 t P_CheckBouncySectors
002de108 t P_CheckBustableBlocks
0025f418 T P_CheckCameraPosition
002732c0 T P_CheckDeathPitCollide
00272f78 T P_CheckGravity
00268ca8 t P_CheckIntercepts
00229070 T P_CheckMeleeRange
002293d0 T P_CheckMissileRange
0027ce80 T P_CheckMissileSpawn
002d6418 T P_CheckMobjTrigger
0025ffe8 T P_CheckMove
002d4390 t P_CheckPlayer3DFloorTrigger
0024ff00 T P_CheckPointLimit
0025e230 T P_CheckPosition
0025d5e8 t P_CheckPosition.part.0
002f17e0 t P_CheckQuicksand
00250250 T P_CheckRacers
00268010 T P_CheckSector
0025ef58 t P_CheckSectorHelper
002c80d8 T P_CheckSight
00273018 T P_CheckSkyHit
00273490 T P_CheckSolidLava
00250018 T P_CheckSurvivors
0024faf8 T P_CheckTimeLimit
0025ee90 t P_CheckTouchingThinglist
002e64b0 t P_CheckUnderwaterAndSpaceTimer
0026b4a0 T P_ClearBlockNodes
0024f0d8 T P_ClearStarPost
00268e98 T P_ClosestPointOnLine
00269070 T P_ClosestPointOnLine3D
00278670 T P_ColorTeamMissile
002d6d68 T P_CompareSectorPortals
002df268 t P_ConsiderAllGone.part.0
002bcca0 t P_ConvertBinaryLinedefTypes
002bb408 t P_ConvertBinaryThingTypes
002c8978 t P_CopySectorPortalToLines
003035e0 T P_CopySectorSlope
00277188 T P_CreateFloorSpriteSlope
002684d0 T P_CreatePrecipSecNodeList
00268190 T P_CreateSecNodeList
002c7610 t P_CrossBSPNode
00271260 t P_CycleMobjState
00255268 T P_DamageMobj
002c1e30 T P_DeleteFlickies
002c22d8 T P_DeleteGrades
00268110 T P_DelPrecipSeclist
00268090 T P_DelSeclist
002e2fe0 t P_DeNightserizePlayer
002746a0 T P_DestroyRobots
002c7410 t P_DivlineSide
002f0a00 T P_DoAbilityBounce
002db538 t P_DoAutobalanceTeams
0026b3e8 T P_DoBlockThingsIterate
002f0940 T P_DoBubbleBounce
002ded70 t P_DoBubbleBreath
002f6d48 t P_DoClimbing
0025c728 t P_DoFan
002dfb20 t P_DoFiring
002efc68 T P_DoFollowMobj
002efd80 T P_DoJump
002f0720 T P_DoJumpShield
002f2c00 t P_DoJumpStuff
0024f3b8 T P_DoMatchSuper
002ef2a8 T P_DoMetalJetFume
002ed7d0 t P_DoNiGHTSCapsule
0024ed20 t P_DoNightsScore.part.0
002ee760 T P_DoPityCheck
002e6188 T P_DoPlayerExit
002e6050 T P_DoPlayerFinish
002e1ed8 T P_DoPlayerPain
002c8778 t P_DoPortalCopyFromLine
00227bd0 t P_DoRandomBoxChances
002c8568 t P_DoScrollMove
002f1a18 t P_DoSpinAbility
002e6d20 T P_DoSpinDashDust
00260350 T P_DoSpring
002e5a98 T P_DoSuperDetransformation
002e2768 T P_DoSuperTransformation
002ee828 T P_DoTailsOverlay
002dbce8 T P_DoTeamscrambling
002dda38 t P_DoTeeter
002dd1d8 t P_DoTwinSpin
00278af8 t P_DragonbomberThink
002dd168 t P_DrainWeaponAmmo
00228720 t P_DustRing.isra.0
002e85e8 T P_Earthquake
002713c0 t P_EggRobo1Think
002e7840 T P_ElementalFire
0024f350 T P_EmblemWasCollected
00271cb8 T P_EmeraldManager
002e3440 T P_EvaluateMusicStatus
0027a2f8 T P_ExplodeMissile
00229228 T P_FaceStabCheckMeleeRange
00228488 t P_FaceStabFlume.part.0
002cb598 t P_FadeFakeFloor.isra.0
0025c5e0 T P_FadeLight
0025c388 T P_FadeLightBySector
002dce38 t P_FindAxis
002df6f8 t P_FindAxisTransfer.constprop.0
00227f60 t P_FindBossFlyPoint
002e9268 T P_FindEmerald
002cd9c0 T P_FindHighestCeilingSurrounding
002cd690 T P_FindHighestFloorSurrounding
002cd928 T P_FindLowestCeilingSurrounding
002cd620 T P_FindLowestFloorSurrounding
002e0b00 T P_FindLowestMare
002cd728 T P_FindNextHighestFloor
002cd828 T P_FindNextLowestFloor
002c8868 t P_FindObjectTypeFromTag
002d46e0 T P_FindPlayerTrigger
00278700 T P_FlashPal
00268768 T P_FloorzAtPos
0024ef20 t P_ForceFeed.part.0
002f7df8 T P_ForceLocalAngle
002df498 t P_GetAxis
002dd260 t P_GetAxisPosition
00275740 T P_GetClosestAxis
002c1b78 T P_GetClosestWaypoint
00268b90 T P_GetColormapFromSectorAt
00305d88 T P_GetFFloorBottomZAt
002d6780 T P_GetFFloorByID
002d6740 T P_GetFFloorID
00305cb0 T P_GetFFloorTopZAt
002c19a0 T P_GetFirstWaypoint
002c2340 T P_GetGrade
00224d88 T P_GetInitSeed
002e1ca8 T P_GetJumpFlags
002c19d8 T P_GetLastWaypoint
00305e60 T P_GetLightZAt
002e9358 T P_GetLives
002783e0 T P_GetMapThingSpawnHeight
002dd880 t P_GetMinecartSector
002df360 t P_GetMinecartSpecialLine.part.0
00272a90 T P_GetMobjGravity
00278280 T P_GetMobjSpawnHeight
00277b40 T P_GetMobjtype
0026cd98 t P_GetMobjtypeSubstitute
002e0670 T P_GetNextEmerald
002c1af0 T P_GetNextWaypoint
00302208 T P_GetPlayerColor
002e7548 T P_GetPlayerControlDirection
002c1a48 T P_GetPreviousWaypoint
00224d78 T P_GetRandSeed
00302970 t P_GetReferenceSlopeForMidtexture
002c2420 T P_GetScoreForGrade
00305be8 T P_GetSectorCeilingZAt
00305b20 T P_GetSectorFloorZAt
002d68d0 T P_GetSectorGravityFactor
00268a98 T P_GetSectorLightNumAt
00331c00 T P_GetSkinSprite2
00331e90 T P_GetSkinSpritedef
00331ef0 T P_GetSkinSpriteInfo
003059a0 T P_GetSlopeZAt
00331b08 T P_GetSprite2StateFrame
00331ae0 T P_GetStateSprite2
003060f8 T P_GetWallTransferMomZ
00305a58 T P_GetZAt
002ecb48 T P_GiveCoopLives
002e06f0 T P_GiveEmerald
002e0978 T P_GiveFinishFlags
002ec918 T P_GivePlayerLives
002e2af0 T P_GivePlayerRings
002e25a0 T P_GivePlayerSpheres
0027e648 T P_HandleMinecartSegments
00306200 T P_HandleSlopeLanding
00271a78 t P_HangsterThink
002c23c8 T P_HasGrades
0024e568 t P_HitDeathMessages
002f2770 T P_HomingAttack
0026ddb8 T P_InitCachedActions
002b35b0 t P_InitializeLinedef
002b3a80 t P_InitializeSeg
002ae0a0 t P_InitLevelSettings
002cd330 T P_InitPicAnims
00268078 T P_Initsecnode
002d6910 T P_InitSectorPortals
00305988 T P_InitSlopes
002d67b0 T P_InitSpecials
002dbb08 T P_InitThinkers
002e6b68 T P_InJumpFlipSector
002e6a38 T P_InQuicksand
002720c0 T P_InsideANonSolidFFloor
002e63b0 T P_InSpaceSector
002dfa88 T P_InstaThrust
002e0380 T P_InstaThrustEvenIn2D
002c74b8 t P_InterceptVector2.isra.0
00243198 T P_InternalFlickyBubble
00243650 T P_InternalFlickyFly
00243c50 T P_InternalFlickyHop
002428b0 T P_InternalFlickySpawn
0025f3d8 T P_IsCameraNoclip
002c1cd0 T P_IsDegeneratedWaypointSequence
002d3bd0 T P_IsFlagAtBase
002e4e88 T P_IsLocalPlayer
002d4128 T P_IsMobjTouching3DFloor
002ccbc8 t P_IsMobjTouchingPlane.isra.0
002d4478 T P_IsMobjTouchingPolyobj
002d4098 T P_IsMobjTouchingSectorPlane
002e36d0 T P_IsObjectInGoop
002e3718 T P_IsObjectOnGround
002d4978 T P_IsPlayerValid
002d6a20 T P_IsSectorPortalValid
00229148 T P_JetbCheckMeleeRange
0026e9c0 t P_JetFume1Think
002502b8 T P_KillMobj
00254f98 t P_KillPlayer
002728a8 t P_KillRingsInLava
002801e0 t P_KoopaThinker
002d36d0 T P_LinedefExecute
00265d90 T P_LineIsBlocking
00269e60 T P_LineOpening
002c3000 t P_LoadAddon
002a9c28 T P_LoadGame
002c3708 T P_LoadLevel
002b7e98 t P_LoadMapBSP
002b9190 t P_LoadMapData
002c2f18 T P_LoadMusicsRange
002aa328 T P_LoadNetGame
002c2df0 T P_LoadSoundsRange
002e8dc8 T P_LookForEnemies
002e88a0 T P_LookForFocusTarget
00229cf0 T P_LookForPlayers
002df518 t P_LookForRails
002766a0 T P_MaceRotate
002caea0 t P_MakeFOFBouncy.part.0
00303b40 T P_MakeSlopeViaEquationConstants
00268748 T P_MapEnd
00268718 T P_MapStart
002daeb8 T P_MixUp
00285600 t P_MobjBossThink
00272530 T P_MobjCeilingZ
0027cf28 T P_MobjCheckWater
0026dee0 T P_MobjFlip
002721b8 T P_MobjFloorZ
002933a0 T P_MobjInsidePolyobj
00282ab0 t P_MobjSceneryThink
002896c8 T P_MobjThinker
002d42d0 t P_MobjTouching3DFloorSpecialFlag
002932c0 T P_MobjTouchingPolyobj
002d44e8 T P_MobjTouchingSectorSpecialFlag
002294c0 T P_Move
002e9780 T P_MoveChaseCamera
0025f378 T P_MoveOrigin
002f80d8 T P_MovePlayer
00277db0 T P_MovePlayerToSpawn
00278088 T P_MovePlayerToStarpost
002a0798 t P_NetArchiveThinkers
0029ac58 t P_NetUnArchivePlayers
002a3380 t P_NetUnArchiveThinkers
00229768 t P_NewChaseDir.part.0
002d6930 T P_NewSectorPortal
002703d8 t P_NiGHTSDroneThink
002ed0b0 T P_NightserizePlayer
00276628 t P_NightsItemChase
002e0f68 t P_NightsTransferPoints
002e7fa8 T P_NukeEnemies
0026c9f0 T P_NullPrecipThinker
002ccc98 T P_ParseAnimationDefintion
002cd118 T P_ParseANIMDEFSLump
0026da90 t P_ParseItemTypes
00226010 T P_PatchInfoTables
0026b4b8 T P_PathTraverse
002f4c20 T P_PlayerAfterThink
002e2228 T P_PlayerCanDamage
002f7ef0 T P_PlayerCanEnterSpinGaps
00253a98 T P_PlayerEmeraldBurst
00254470 T P_PlayerFlagBurst
002f7e68 T P_PlayerFullbright
002f0b38 T P_PlayerHitFloor
002e1cd0 T P_PlayerInPain
002d61c0 T P_PlayerInSpecialSector
0027dc00 t P_PlayerMobjThinker
002e0508 T P_PlayerMoving
002d60b0 t P_PlayerOnSpecial3DFloor
00253ed0 T P_PlayerRingBurst
002f7fb8 T P_PlayerShouldUseSpinHeight
002fd7e0 T P_PlayerThink
002d46c0 T P_PlayerTouchingSectorSpecialFlag
002521c0 T P_PlayerWeaponPanelOrAmmoBurst
00273b08 t P_PlayerZMovement.part.0
002e26f8 T P_PlayJingle
002e2628 T P_PlayJingleMusic
002e2988 T P_PlayLivesJingle
00293210 T P_PointInsidePolyobj
00268d60 t P_PointOnDivlineSide.constprop.0
002691a0 T P_PointOnLineSide
002c25c0 T P_PrecacheLevelFlats
00277648 T P_PrecipitationEffects
002dcb18 T P_PreTicker
002cde68 t P_ProcessLineSpecial
002d4a48 T P_ProcessSpecialSector
002d3da8 t P_ProcessTeamBase.part.0
002cafe0 t P_ProcessZoomTube.part.0
00270d20 t P_PterabyteThink
00280778 T P_PushableThinker
002789a0 t P_PyreFlyBurn
00305f28 T P_QuantizeMomentumToSlope
00267f50 T P_RadiusAttack
0027cd28 T P_RailThinker
00274eb0 T P_RainThinker
0024eff8 T P_RampConstant
00224c38 T P_RandomByte
00224bf8 T P_RandomFixed
00224c78 T P_RandomKey
00224d40 T P_RandomPeek
00224cd8 T P_RandomRange
002a3270 T P_ReadINT16
002a3320 T P_ReadINT32
002a31e8 T P_ReadSINT8
002a7210 T P_ReadStringN
002a3220 T P_ReadUINT16
002a32c0 T P_ReadUINT32
002a31b0 T P_ReadUINT8
00274cf8 T P_RecalcPrecipInSector
002c2678 T P_ReloadRings
0025bda8 T P_RemoveLighting
002771f0 T P_RemoveMobj
0026e4d8 t P_RemoveMobj.part.0
00277258 T P_RemovePrecipMobj
002772a0 T P_RemoveSavegameMobj
002520c0 T P_RemoveShield
002dbba8 T P_RemoveThinker
002db440 T P_RemoveThinkerDelayed
002ec070 T P_ResetCamera
00226458 T P_ResetData
002cbff0 t P_ResetFakeFloorFader
002e1d58 T P_ResetPlayer
0024f170 T P_ResetStarposts
00291480 T P_RespawnSpecials
002c2bf8 T P_RespawnThings
002e9570 T P_RestoreMultiMusic
002e3620 T P_RestoreMusic
002e2c98 t P_RestoreMusic.part.0
002e03f8 T P_ReturnThrustX
002e0438 T P_ReturnThrustY
00305f90 T P_ReverseQuantizeMomentumToSlope
00254b38 t P_RingDamage
002730a0 T P_RingXYMovement
00274530 T P_RingZMovement
0026ddd8 T P_RunCachedActions
002d3460 T P_RunDeNightserizeExecutors
002d35d0 T P_RunNightsCapsuleTouchExecutors
002d33a8 T P_RunNightserizeExecutors
002d3518 T P_RunNightsLapExecutors
00276ec8 T P_RunOverlays
00276de0 T P_RunShields
002c3638 T P_RunSOC
002d21e0 T P_RunTriggerLinedef
002a7298 T P_SaveGame
002a7560 T P_SaveNetGame
0026c148 t P_SceneryCheckWater
00282870 T P_SceneryThinker
00265b48 T P_SceneryTryMove
0026d158 t P_SceneryXYFriction
00273160 T P_SceneryXYMovement
00282288 T P_SceneryZMovement
002498c8 t P_SectorCheckWater.isra.0
002d6bc0 T P_SectorGetCeilingPortal
002d6b88 T P_SectorGetFloorPortal
002d6cb0 T P_SectorHasCeilingPortal
002d6bf8 T P_SectorHasFloorPortal
002d6aa8 T P_SectorHasPortal
00278630 T P_SetBonusTime
002c1d90 T P_SetDemoFlickies
002ada88 t P_SetLinedefV1
002adb40 t P_SetLinedefV2
002f6c88 T P_SetLocalAngle
0026eec8 T P_SetMobjState
0026e900 T P_SetMobjStateNF
002e4e28 T P_SetObjectMomZ
0025f398 T P_SetOrigin
00273010 T P_SetPitchRollFromSlope
002efcd8 T P_SetPlayerAngle
002e53b8 T P_SetPower
0026b0b8 T P_SetPrecipitationThingPosition
00224d98 T P_SetRandSeed
00275870 T P_SetScale
002ad9d0 t P_SetSidedefSector
002dbbc0 T P_SetTarget2
0026abe0 T P_SetThingPosition
0026afd8 T P_SetUnderlayPosition
002c2b80 T P_SetupLevelSky
002d3890 T P_SetupSignExit
0026bdf0 t P_SetupStateAnimation
002285a8 t P_SharpDust.part.0
00254dd8 t P_ShieldDamage
00275a78 t P_ShieldLook
002dd6c0 t P_ShootLine
002292e8 T P_SkimCheckMeleeRange
002a3158 T P_SkipString
00266760 T P_SlideCameraMove
002671b8 T P_SlideMove
00303b08 T P_SlopeById
00306010 T P_SlopeLaunch
002276b8 t P_SnapperLegPlace
00274d50 T P_SnowThinker
0025bde8 T P_SpawnAdjustableFireFlicker
0025c188 T P_SpawnAdjustableGlowingLight
0025c028 T P_SpawnAdjustableStrobeFlash
002813c0 T P_SpawnAlteredDirectionMissile
002e53f8 T P_SpawnGhostMobj
00280a08 T P_SpawnHoop
00291900 t P_SpawnItemCircle
00291cc8 T P_SpawnItemPattern
00291590 t P_SpawnItemRow
0025bf60 T P_SpawnLightningFlash
00291180 T P_SpawnMapThing
002ae490 t P_SpawnMapThings
00281a28 T P_SpawnMissile
002790b0 T P_SpawnMobj
0028d200 t P_SpawnMobjFromMapThing
00278728 T P_SpawnMobjFromMobj
0027e178 T P_SpawnParaloop
002c9fd8 t P_SpawnPlaneScroller
0028cc50 T P_SpawnPlayer
00281718 T P_SpawnPointMissile
00277358 T P_SpawnPrecipitation
0026cf78 t P_SpawnPrecipMobj
002e4ef0 T P_SpawnShieldOrb
002e7d98 T P_SpawnSkidDust
00303fc8 T P_SpawnSlopes
002df828 t P_SpawnSparks
002d6e10 T P_SpawnSpecials
002e6020 T P_SpawnSpinMobj
002e5798 t P_SpawnSpinMobj.part.0
002e5ce8 T P_SpawnThokMobj
00281090 T P_SpawnXYZMissile
00254838 T P_SpecialStageDamage
002ec400 T P_SpectatorJoinGame
00281e78 T P_SPMAngle
002ed6a0 T P_StealPlayerScore
00275648 T P_SupermanLook4Players
002e6c80 T P_SuperReady
002e8380 T P_SwitchShield
002c2910 T P_SwitchSpheresBonusMode
002cda58 T P_SwitchWeather
002e73a0 T P_Telekinesis
002db118 T P_Teleport
0025f248 t P_TeleportMove.isra.0
002df778 T P_Thrust
002dbdd0 T P_Ticker
002570a8 T P_TouchSpecialThing
0024f6c8 T P_TouchStarPost
002e0d90 T P_TransferToAxis
002e0bd0 T P_TransferToNextMare
0025fb38 T P_TryCameraMove
002600b8 T P_TryMove
002804b0 t P_TurretThink
002e7068 T P_TwinSpinRejuvenate
0026abb8 T P_UnsetPrecipThingPosition
0026aab8 T P_UnsetThingPosition
00302598 t P_UpdateSolidMidtextureSlope
002d6680 T P_UpdateSpecials
002279a8 t P_VultureHoverParticle
002c1840 T P_WaypointRowAlloc
0026df08 T P_WeaponOrPanel
002b9060 t P_WriteDuplicateText
0029fc50 T P_WriteINT16
0029fdd8 T P_WriteINT32
002a06d0 T P_WriteMem
002b90e0 t P_WriteSfx.part.0
0029faf8 T P_WriteSINT8
002a05f8 T P_WriteString
002b3c00 t P_WriteTextmap
002adbf8 t P_WriteTextmap_Things
002c29c8 T P_WriteThings
0029fb98 T P_WriteUINT16
0029fd08 T P_WriteUINT32
0029fa58 T P_WriteUINT8
0027a7e0 T P_XYMovement
0027ccb8 T P_ZMovement
0027b8e8 t P_ZMovement.part.0
0040ec30 r p05.0
004b41c8 b p1view_new
004b41f8 b p1view_old
004b4168 b p2view_new
004b4198 b p2view_old
00469040 b packet.0
00522e78 b packetdropquantity
00522e70 b packetdroprate
00529270 B packetheaderlength
0045a9e8 r packettypename
0052dec0 b padbuf
00100588 t padGetReqState
001022b0 T padGetState
00102778 T padInfoAct
00102420 T padInfoMode
00101bd8 T padInit
0045b890 b padInitialised
0052de70 b padlib
003896d8 t PadLib.part.0
0038e590 D padman_irx
00101f50 T padPortOpen
00102178 T padRead
00102958 T padSetActAlign
00102a78 T padSetActDirect
00102678 T padSetMainMode
00100660 t padSetReqState.constprop.0.isra.0
0045b840 b padsif
0045b700 b PadState
004732b4 b paldiv
00345f30 T PaletteRemap_Add
003450f0 t PaletteRemap_Apply
00346440 T PaletteRemap_Init
0050ccb0 b paletteremaps
0050f0a8 b palname.0
003a0cfc D pandf
00344f88 t ParseDecimal
0050cca0 b parsedTranslationListHead
0050cc9c b parsedTranslationListTail
00344f38 t ParseNumber
002af650 t ParseTextmapLinedefParameter
002b09d8 t ParseTextmapSectorParameter
002b6fc8 t ParseTextmapSidedefParameter
002aeca0 t ParseTextmapThingParameter
002ae9e8 t ParseTextmapVertexParameter
0038d720 d patch.0
003480d0 T Patch_CalcDataSizes
003482e0 T Patch_CreateFromDoomPatch
0000d50f W patch_disable_prefix_check.c.187258bd
0000ce84 W patch_enable_lmb.c.f9a3a6b4
003484b0 T Patch_Free
00347f28 t Patch_FreeData
003484e0 T Patch_FreeTags
003480b0 t Patch_FreeTagsCallback
003484f0 T Patch_GenerateFlat
00348fe0 T Patch_GetRotatedSprite
00348168 T Patch_MakeColumns
0017bf78 T PatchIsNeeded
00363a10 T pathisdirectory
00409358 d pause_cons_t
0050f170 b pause_starttic
004736f4 B pausebreakkey
004797ff B paused
004736f8 B pausedelay
00407e88 d perfstats_cons_t
0047adac B peridotmap
0017e5a8 T perror
0047986c B pickedchar
0046ecc4 b picmode
0046ecc8 b picnum
0046ecbc b pictoloop
0034b5a8 T Picture_Convert
0034ae68 T Picture_FlatConvert
0034abc8 T Picture_GetPatchPixel
0034b868 T Picture_IsLumpPNG
0034a150 T Picture_PatchConvert
0034b8a8 T Picture_PNGConvert
0034c218 T Picture_PNGDimensions
0034b6b0 T Picture_TextureToFlat
0046ecd0 b picxpos
0046eccc b picypos
003787d0 t pingcellcmp
00407ab4 D pingmeasurecount
00512938 b pingtimeout
00408230 d pingtimeout_cons_t
0048b738 b pinkshield
0040df30 r PIo2
00269260 t PIT_AddLineIntercepts
0025e810 t PIT_ChangeSector
0025ccd0 t PIT_CheckCameraLine
0025c998 t PIT_CheckLine
002dceb8 t PIT_CheckSolidsTeeter
00265868 t PIT_CheckThing
00261680 t PIT_DoCheckThing
00228bf8 t PIT_DustDevilLaunch
0025d4e8 t PIT_GetPrecipSectors
0025d2d8 t PIT_GetSectors
002275d0 t PIT_MinusCarry
00265890 T PIT_PushableMoved
0026d2f8 t PIT_PushThing
0025cf80 t PIT_RadiusAttack
002280b8 t PIT_TNTExplode
0048b73c b pityshield
004d0894 b pixhigh
004d088c b pixhighstep
004d0890 b pixlow
004d0888 b pixlowstep
005127f8 b pjoyx.0
004a0a3c b pjoyx.6
005127fc b pjoyy.1
004a0a40 b pjoyy.7
00467f00 b pkt_table
004692c0 b pktbuf
004c1d40 b planeheight
004be0a0 b planeripple
004c1d44 B planezlight
004079b8 d playbackspeed_cons_t
00455a28 r player_arrow
00473728 B player_name_changes
004737a8 B player_names
00513e50 B playeraddress
005138c0 B playerinfo
004797d8 B playeringame
00512ab8 B playernode
005129b8 B playerpingtable
004752d0 B players
00408010 d playersforexit_cons_t
004aede0 B playerstarts
0036c528 T Playing
004a1f3d b playstyle_activeplayer
004a1f3c b playstyle_currentchoice
003a3ce8 D PlaystyleDesc
003a3cf8 D PlaystyleNames
002ad7f8 t Ploadflat
0050f13c B pLocalPalette
0047a714 b plr
0050f138 B pMasterPalette
004a0a2c b pmousex.2
004a0a34 b pmousey.4
0048b9a0 b pnamebuf.0
0048b9a8 b pnamebuf.1
00108b28 T png_access_version_number
0010d058 T png_app_error
0010cfe0 T png_app_warning
0010a700 T png_ascii_from_fixed
00109eb0 T png_ascii_from_fp
0010d290 T png_benign_error
00107200 t png_build_16bit_table
00107c40 t png_build_8bit_table
0010bb38 T png_build_gamma_table
00108940 T png_build_grayscale_palette
001207f0 t png_cache_unknown_chunk
001080b8 T png_calculate_crc
0010f538 T png_calloc
00109c98 T png_check_fp_number
00109e50 T png_check_fp_string
001098c0 T png_check_IHDR
00126260 T png_check_keyword
0010d240 T png_chunk_benign_error
0010d208 T png_chunk_error
0010d308 T png_chunk_report
00108a50 T png_chunk_unknown_handling
0010cdf0 T png_chunk_warning
00349b88 t PNG_ChunkReader
0050cf08 b png_colorlookupp
00110280 t png_colormap_compose
00121d48 T png_combine_row
0012bfe8 T png_compress_IDAT
00128210 T png_convert_from_struct_tm
00128250 T png_convert_from_time_t
00108888 T png_convert_to_rfc1123
00108618 T png_convert_to_rfc1123_buffer
00121478 T png_crc_finish
0011d8b0 t png_crc_finish_critical
00121420 T png_crc_read
00110360 t png_create_colormap_entry
00108400 T png_create_info_struct
00108280 T png_create_png_struct
001125e0 T png_create_read_struct
00112648 T png_create_read_struct_2
00128390 T png_create_write_struct
001282e8 T png_create_write_struct_2
00108550 T png_data_freer
0011d5d8 t png_decompress_chunk.constprop.0
0010cf40 t png_default_error
0012f608 T png_default_flush
00115c60 T png_default_read_data
0012f5b0 T png_default_write_data
0012aef0 t png_deflate_claim
0010b9c8 T png_destroy_gamma_table
00108450 T png_destroy_info_struct
0010f480 T png_destroy_png_struct
00115000 T png_destroy_read_struct
00128f40 T png_destroy_write_struct
0040ac78 r png_digit
00126cb8 T png_do_bgr
00126e28 T png_do_check_palette_indexes
00115fc8 t png_do_expand
00115d50 t png_do_gray_to_rgb
00126820 T png_do_invert
00126970 T png_do_packswap
001223f0 T png_do_read_interlace
001198d8 T png_do_read_transformations
00126a08 T png_do_strip_channel
00126918 T png_do_swap
0012e6e8 T png_do_write_interlace
0012a328 T png_do_write_transformations
0010cfa0 T png_error
0021eeb8 t PNG_error
003493e8 t PNG_error
0010a928 T png_fixed
0010d0d0 T png_fixed_error
0010a9d0 T png_fixed_ITU
0012f648 T png_flush
0010c3a0 t png_format_buffer.isra.0
0010c550 T png_format_number
0010ccb0 T png_formatted_warning
00106fd8 t png_fp_sub
0010f998 T png_free
0012b9a8 T png_free_buffer_list
001085c0 T png_free_data
001074b0 t png_free_data.part.0
0010f9d0 T png_free_default
0010ce68 T png_free_jmpbuf
0010b790 T png_gamma_16bit_correct
0010b6e0 T png_gamma_8bit_correct
0010b848 T png_gamma_correct
0010b5f8 T png_gamma_significant
0010d6d0 T png_get_bit_depth
0010dff8 T png_get_bKGD
0010dfb8 T png_get_channels
0010e040 T png_get_cHRM
0010e560 T png_get_cHRM_fixed
0010e208 T png_get_cHRM_XYZ
0010e410 T png_get_cHRM_XYZ_fixed
0010f420 T png_get_chunk_cache_max
0010f438 T png_get_chunk_malloc_max
0010e800 T png_get_cICP
0010e8e0 T png_get_cLLI
0010e880 T png_get_cLLI_fixed
0010d6f0 T png_get_color_type
0010f3c0 T png_get_compression_buffer_size
0010d750 T png_get_compression_type
00108900 T png_get_copyright
001270a0 T png_get_current_pass_number
00127088 T png_get_current_row_number
0010d3d0 T png_get_error_ptr
0010ece0 T png_get_eXIf
0010ed08 T png_get_eXIf_1
0010d710 T png_get_filter_type
0010e670 T png_get_gAMA
0010e628 T png_get_gAMA_fixed
00108920 T png_get_header_ver
00108930 T png_get_header_version
0010ed58 T png_get_hIST
0010e738 T png_get_iCCP
0010eda0 T png_get_IHDR
0010d6b0 T png_get_image_height
0010d690 T png_get_image_width
00121168 T png_get_int_32
0010d730 T png_get_interlace_type
0010f458 T png_get_io_chunk_type
001085e0 T png_get_io_ptr
0010f450 T png_get_io_state
00108910 T png_get_libpng_ver
0010eab8 T png_get_mDCV
0010e998 T png_get_mDCV_fixed
0010fa18 T png_get_mem_ptr
0010ee50 T png_get_oFFs
0010f460 T png_get_palette_max
0010eeb8 T png_get_pCAL
0010f0f8 T png_get_pHYs
0010de90 T png_get_pHYs_dpi
0010d858 T png_get_pixel_aspect_ratio
0010d908 T png_get_pixel_aspect_ratio_fixed
0010daa0 T png_get_pixels_per_inch
0010d800 T png_get_pixels_per_meter
0010f170 T png_get_PLTE
0010f390 T png_get_rgb_to_gray_status
0010d650 T png_get_rowbytes
0010d670 T png_get_rows
0010f1c0 T png_get_sBIT
0010f020 T png_get_sCAL
0010ef68 T png_get_sCAL_fixed
0010f0a8 T png_get_sCAL_s
0010dfd8 T png_get_signature
0010e7d0 T png_get_sPLT
0010e6f0 T png_get_sRGB
0010f208 T png_get_text
0010f268 T png_get_tIME
0010f2b0 T png_get_tRNS
001211a0 T png_get_uint_16
001210e8 T png_get_uint_31
00121138 T png_get_uint_32
0010f360 T png_get_unknown_chunks
0010f3a8 T png_get_user_chunk_ptr
0010f408 T png_get_user_height_max
00127070 T png_get_user_transform_ptr
0010f3f0 T png_get_user_width_max
0010d608 T png_get_valid
0010ddb0 T png_get_x_offset_inches
0010dc60 T png_get_x_offset_inches_fixed
0010d990 T png_get_x_offset_microns
0010da20 T png_get_x_offset_pixels
0010db40 T png_get_x_pixels_per_inch
0010d770 T png_get_x_pixels_per_meter
0010de20 T png_get_y_offset_inches
0010dd08 T png_get_y_offset_inches_fixed
0010d9d8 T png_get_y_offset_microns
0010da60 T png_get_y_offset_pixels
0010dbd0 T png_get_y_pixels_per_inch
0010d7b8 T png_get_y_pixels_per_meter
001089c0 T png_handle_as_unknown
00120550 t png_handle_bKGD
0011f6b0 t png_handle_cHRM
00121740 T png_handle_chunk
0011e328 t png_handle_cICP
0011e598 t png_handle_cLLI
0011e970 t png_handle_eXIf
0011e4b0 t png_handle_gAMA
0011df50 t png_handle_hIST
00120928 t png_handle_iCCP
0011db50 t png_handle_IEND
0011e768 t png_handle_IHDR
0011f9c8 t png_handle_iTXt
0011efb0 t png_handle_mDCV
0011eac0 t png_handle_oFFs
001201b8 t png_handle_pCAL
0011e680 t png_handle_pHYs
0011dbd0 t png_handle_PLTE
0011edf0 t png_handle_sBIT
0011f490 t png_handle_sCAL
0011fd50 t png_handle_sPLT
0011e3d0 t png_handle_sRGB
0011ec30 t png_handle_tEXt
0011e250 t png_handle_tIME
00120e90 t png_handle_tRNS
001214d0 T png_handle_unknown
0011f218 t png_handle_zTXt
00109210 T png_icc_check_header
001091a0 T png_icc_check_length
00109708 T png_icc_check_tag_table
00107db0 t png_icc_profile_error.isra.0
00115788 T png_image_begin_read_from_file
001158c0 T png_image_begin_read_from_memory
001156b8 T png_image_begin_read_from_stdio
0010c350 T png_image_error
001159c0 T png_image_finish_read
00110018 t png_image_format.isra.0
0010c260 T png_image_free
0010fae0 t png_image_memory_read
001147c0 t png_image_read_and_map
001136f8 t png_image_read_background
00110ef0 t png_image_read_colormap
00114458 t png_image_read_colormapped
00113f78 t png_image_read_composite
00112ce0 t png_image_read_direct
001135f8 t png_image_read_direct_scaled
00110d90 t png_image_read_header
00115198 t png_image_read_init.part.0
00127578 t png_image_set_PLTE.isra.0
0012ad48 t png_image_size
00129020 t png_image_write_init
001293a8 t png_image_write_main
00129998 t png_image_write_memory
0012a198 T png_image_write_to_file
00129ef8 T png_image_write_to_memory
0012a050 T png_image_write_to_stdio
0011d420 t png_inflate.constprop.0
0011d2e0 t png_inflate_claim
0011e070 t png_inflate_read.constprop.0.isra.0
001084c8 T png_info_init_3
001085f8 T png_init_io
00118378 T png_init_read_transformations
00349c60 t PNG_IOReader
0010cf08 T png_longjmp
0010f858 T png_malloc
0010f5f0 T png_malloc_array
0010f5c8 T png_malloc_base
0010f8c8 T png_malloc_default
0010f918 T png_malloc_warn
0010aa70 T png_muldiv
00107a60 t png_muldiv.part.0
0040af08 r png_pass_inc
0040b2f8 r png_pass_inc
0040b300 r png_pass_start
0040af10 r png_pass_start
0040b2e8 r png_pass_yinc
0040aef8 r png_pass_yinc
0040b2f0 r png_pass_ystart
0040af00 r png_pass_ystart
00125bb8 T png_permit_mng_features
00107038 t png_pow10
00349cf0 t PNG_Read.constprop.0
0011d218 t png_read_buffer
001212d0 T png_read_chunk_header
00115cb8 T png_read_data
00114fe8 T png_read_end
0010fd98 t png_read_end.part.0
00122a50 T png_read_filter_row
0011cfe0 t png_read_filter_row_avg
0011d070 t png_read_filter_row_paeth_1byte_pixel
0011d118 t png_read_filter_row_paeth_multibyte_pixel
0011cf58 t png_read_filter_row_sub
0011cfa8 t png_read_filter_row_up
00122df0 T png_read_finish_IDAT
00122ec0 T png_read_finish_row
00122af0 T png_read_IDAT_data
00114ea8 T png_read_image
001126a8 T png_read_info
0010fb98 t png_read_info.part.0
00115310 T png_read_png
00112760 T png_read_row
00114d70 T png_read_rows
001211c8 T png_read_sig
00123058 T png_read_start_row
00119538 T png_read_transform_info
001126c8 T png_read_update_info
0010f6b8 T png_realloc_array
0010ab78 T png_reciprocal
0010b610 T png_reciprocal2
00108080 T png_reset_crc
00108b10 T png_reset_zstream
00118338 T png_resolve_file_gamma
00107b58 t png_safe_add
0010d3e8 T png_safe_error
0010d560 T png_safe_execute
0010d4d0 T png_safe_warning
0010c4c8 T png_safecat
00108610 T png_save_int_32
0012b7f8 T png_save_uint_16
0012b7d8 T png_save_uint_32
00126670 T png_set_add_alpha
00116d60 T png_set_alpha_mode
00116b08 T png_set_alpha_mode_fixed
001168a8 T png_set_background
001167e0 T png_set_background_fixed
00126220 T png_set_benign_errors
00126478 T png_set_bgr
00123790 T png_set_bKGD
00126250 T png_set_check_for_invalid_index
00123930 T png_set_cHRM
001237d8 T png_set_cHRM_fixed
00123aa0 T png_set_cHRM_XYZ
00123828 T png_set_cHRM_XYZ_fixed
001261e8 T png_set_chunk_cache_max
00126200 T png_set_chunk_malloc_max
00123c08 T png_set_cICP
00123cb0 T png_set_cLLI
00123c60 T png_set_cLLI_fixed
001260c8 T png_set_compression_buffer_size
001299e8 T png_set_compression_level
00129a00 T png_set_compression_mem_level
00129ac8 T png_set_compression_method
00129a18 T png_set_compression_strategy
00129a38 T png_set_compression_window_bits
001165f0 T png_set_crc_action
0010d3b0 T png_set_error_fn
001240d8 T png_set_eXIf
001240e8 T png_set_eXIf_1
00117ea8 T png_set_expand
00118018 T png_set_expand_16
00117f60 T png_set_expand_gray_1_2_4_to_8
001265b0 T png_set_filler
00129118 T png_set_filter
001299d8 T png_set_filter_heuristics
001299e0 T png_set_filter_heuristics_fixed
00128ec0 T png_set_flush
00124208 T png_set_gAMA
001241e0 T png_set_gAMA_fixed
00117d00 T png_set_gamma
001179e8 T png_set_gamma_fixed
00118078 T png_set_gray_to_rgb
00124260 T png_set_hIST
00124e68 T png_set_iCCP
00124350 T png_set_IHDR
00126578 T png_set_interlace_handling
00126198 T png_set_invalid
001267e0 T png_set_invert_alpha
00126800 T png_set_invert_mono
00125bd8 T png_set_keep_unknown_chunks
0010d140 T png_set_longjmp_fn
00123f40 T png_set_mDCV
00123d70 T png_set_mDCV_fixed
0010f9f0 T png_set_mem_fn
00124478 T png_set_oFFs
0010c1e8 T png_set_option
001264c8 T png_set_packing
00126500 T png_set_packswap
00117f08 T png_set_palette_to_rgb
001244a8 T png_set_pCAL
00124ba8 T png_set_pHYs
00124bd8 T png_set_PLTE
00116e58 T png_set_quantize
00115ce0 T png_set_read_fn
001152f8 T png_set_read_status_fn
00126020 T png_set_read_user_chunk_fn
00118320 T png_set_read_user_transform_fn
0010b280 T png_set_rgb_coefficients
001182b0 T png_set_rgb_to_gray
001180d8 T png_set_rgb_to_gray_fixed
00126038 T png_set_rows
00124d78 T png_set_sBIT
001249d8 T png_set_sCAL
00124af8 T png_set_sCAL_fixed
001247e8 T png_set_sCAL_s
001169e8 T png_set_scale_16
00126530 T png_set_shift
00107fd0 T png_set_sig_bytes
00125758 T png_set_sPLT
00124dd0 T png_set_sRGB
00124df8 T png_set_sRGB_gAMA_and_cHRM
00116a48 T png_set_strip_16
00116aa8 T png_set_strip_alpha
00126498 T png_set_swap
001267c0 T png_set_swap_alpha
001253f0 T png_set_text
00124fe8 T png_set_text_2
00129b28 T png_set_text_compression_level
00129b40 T png_set_text_compression_mem_level
00129c00 T png_set_text_compression_method
00129b58 T png_set_text_compression_strategy
00129b70 T png_set_text_compression_window_bits
00125430 T png_set_tIME
001254f0 T png_set_tRNS
00117fc0 T png_set_tRNS_to_alpha
00125af8 T png_set_unknown_chunk_location
00125950 T png_set_unknown_chunks
001261c0 T png_set_user_limits
00127018 T png_set_user_transform_info
0012f668 T png_set_write_fn
00129c60 T png_set_write_status_fn
00129c78 T png_set_write_user_transform_fn
00108018 T png_sig_cmp
0040a420 r png_signature.1
0040a628 R png_sRGB_base
0040a428 R png_sRGB_delta
0040aa28 R png_sRGB_table
00112728 T png_start_read_image
0012b400 t png_text_compress.constprop.0
001270c0 t png_unpremultiply
00108140 T png_user_version_check
003493d0 t PNG_warn
0021eed8 t PNG_warn
0010caf0 T png_warning
0010cb50 T png_warning_parameter
0010cc20 T png_warning_parameter_signed
0010cbd8 T png_warning_parameter_unsigned
0012cd08 T png_write_bKGD
0012cae0 T png_write_cHRM_fixed
0012b978 T png_write_chunk
0012b8a8 T png_write_chunk_data
0012b910 T png_write_chunk_end
0012b328 t png_write_chunk_header.part.0
0012b868 T png_write_chunk_start
0012cea8 T png_write_cICP
0012cfb8 T png_write_cLLI_fixed
0012b6f8 t png_write_complete_chunk
0012b610 t png_write_compressed_data_out
0012f620 T png_write_data
00127fb0 T png_write_end
0012d220 T png_write_eXIf
0012eb20 T png_write_find_filter
0012e550 T png_write_finish_row
00128ee0 T png_write_flush
0012c330 T png_write_gAMA_fixed
0012d3b0 T png_write_hIST
0012c4f0 T png_write_iCCP
0012c2a8 T png_write_IEND
0012b9f8 T png_write_IHDR
00128e08 T png_write_image
00128bf8 t png_write_image_16bit
00128888 t png_write_image_8bit
00127f90 T png_write_info
00127ac8 t png_write_info.part.0
00127f60 T png_write_info_before_PLTE
00127340 t png_write_info_before_PLTE.part.0
0012d7e8 T png_write_iTXt
0012d050 T png_write_mDCV_fixed
0012dbf8 T png_write_oFFs
0012dc88 T png_write_pCAL
0012e178 T png_write_pHYs
0012bdd8 T png_write_PLTE
00129ca0 T png_write_png
001283a0 T png_write_row
00128810 T png_write_rows
0012c9c0 T png_write_sBIT
0012e080 T png_write_sCAL_s
0012b808 T png_write_sig
0012c700 T png_write_sPLT
0012c428 T png_write_sRGB
0012e328 T png_write_start_row
0012d4b8 T png_write_tEXt
0012e258 T png_write_tIME
0012cb88 T png_write_tRNS
0012d630 T png_write_zTXt
00108c18 T png_xy_from_XYZ
0010ac10 T png_XYZ_from_xy
00107190 T png_zalloc
001071f8 T png_zfree
00121480 T png_zlib_inflate
00108b30 T png_zstream_error
004af560 B po_ptrs
0045b8a0 b poffThreadStack
004085a8 d pointlimit_cons_t
0037b1e8 t PointLimit_OnChange
0052c1c8 B pointlimits
00179510 T PollSema
003894f8 t PollSlot
004ae208 B polyblocklinks
00292588 t Polyobj_addSeg
002923f0 t Polyobj_addVertex
00292d18 t Polyobj_attachToSubsec.part.0
00292708 t Polyobj_clipThings.part.0
00293008 t Polyobj_doSlideDoor
00292e98 t Polyobj_doSwingDoor
00294258 T Polyobj_GetForNum
00295950 T Polyobj_InitLevel
00292088 t Polyobj_linkToBlockmap
002962c0 T Polyobj_MoveOnLoad
00293468 t Polyobj_moveXY.part.0
00292bf8 t Polyobj_removeFromBlockmap.part.0
00293a18 t Polyobj_rotate.part.0
00292300 t Polyobj_rotateLine
00291ee8 t Polyobj_slideThing
004ae210 B PolyObjects
003dda88 d pomovecount.0
004ae200 b pomovecount.1
0034cab0 t Portal_Add
0034d498 T Portal_Add2Lines
0034d6a0 T Portal_AddPlanePortals
0034cbf0 t Portal_AddSkybox
0034d598 T Portal_AddTransferred
0050cf24 B portal_base
0050cf20 B portal_cap
0034d2c0 T Portal_ClipApply
0034d228 T Portal_ClipRange
0034c790 t Portal_ClipVisplane
0034cd70 t Portal_GetViewpointForLine.isra.0
0034cee8 t Portal_GetViewpointForSecPortal
0034c838 t Portal_GetViewpointForSkybox
0034d208 T Portal_InitList
0034d418 T Portal_Remove
0050cf10 B portalclipend
0050cf1c B portalclipline
0050cf14 B portalclipstart
0050cf18 B portalcullsector
0050cf0c B portalline
0050cf28 B portalrender
0052de78 b ports
003893c8 t PostEvents
0046d70c B postimgparam
0046d704 B postimgparam2
0046d710 B postimgtype
0046d708 B postimgtype2
004a6138 B postthinkframe_hooks
004a6134 B postthinkframe_hooks_length
0014a118 T pow
0052f674 b power_requested
0038ad18 t PowerCallback
00003e72 W poweroff.c.9b03ddd5
00409ab0 d poweroff_allowed
0045d9a4 b poweroff_cb
0045d9a0 b poweroff_data
001004b8 t PowerOff_ee_rpc_handler
0052f673 b poweroff_forced
0038d7e0 D poweroff_irx
001019a0 T poweroffInit
00101b58 T poweroffSetCallback
00101b90 T poweroffShutdown
00100520 t PowerOffThread
0038d7c8 d powerOffThreadId
00408600 d powerupdisplay_cons_t
001381e8 t pqdownheap
004d1ff8 B prastertab
003a3108 D precache
003eff98 d precachesound
004a6410 B precipsector_list
004a6450 b preciptmbbox
0046ecb0 b precutFLS
0046ecb1 b precutresetplayer
0047a790 b prefix.1
00455a98 r premiers.0
003649c0 T preparefilemenu
004a6148 B prethinkframe_hooks
004a6144 B prethinkframe_hooks_length
00466640 b prev_tzenv
00473a6e B prevmap
004a3274 B prevMenuId
0048b5b0 b prevsel.5
0048b5a8 b prevtime.4
00345080 t PrintError
00159b70 T printf
004be08c B projection
004be088 B projectiony
0046f190 B promptactive
003a340e d promptbgcolor
0047ad94 B promptbgmap
0046f188 b promptblockcontrols
0046f18c b promptmo
0046f184 b promptpagetext
0046f18a b promptpostexectag
004b42d8 B ps_bsptime
004a61b0 B ps_checkposition_calls
00407dd8 d ps_descriptor_cons_t
002227e8 t PS_DrawDescriptorHeader
00223020 t PS_DrawPerfRows
004a61e0 b ps_dynslopethcount
004a6150 B ps_frame_index
004a6158 B ps_frame_samples_left
004a62e0 b ps_frametime
00222b20 t PS_GetMetricAverage.isra.0
00222c58 t PS_GetMetricScreenValue.part.0
004b4238 B ps_interp_frac
004b4228 B ps_interp_lag
004a6170 B ps_lua_mobjhooks
004a6180 B ps_lua_postthinkframe_time
004a61a0 B ps_lua_prethinkframe_time
004a6190 B ps_lua_thinkframe_time
004a6230 b ps_mainthcount
004a6220 b ps_mobjcount
004a61f0 b ps_nothinkcount
004b4288 B ps_numbspcalls
004b4268 B ps_numdrawnodes
004b4258 B ps_numpolyobjects
004b4278 B ps_numsprites
004a6160 B ps_otherlogictime
004b4308 B ps_otherrendertime
00224598 T PS_PerfStats_OnChange
004a62c0 B ps_playerthink_time
004a6240 b ps_polythcount
004a61d0 b ps_precipcount
004b4328 B ps_prevframetime
004a6210 b ps_regularcount
004a61c0 b ps_removecount
004b4318 B ps_rendercalltime
00407e38 d ps_samplesize_cons_t
00224648 T PS_SampleSize_OnChange
004a6200 b ps_scenerycount
004b4298 B ps_sw_maskedtime
004b42a8 B ps_sw_planetime
004b42b8 B ps_sw_portaltime
004b42c8 B ps_sw_spritecliptime
004b42e8 B ps_swaptime
004a6250 b ps_thinkercount
004a62b0 B ps_thinkertime
004a6260 B ps_thlist_times
004a614c B ps_tick_index
004a6154 B ps_tick_samples_left
004a62d0 B ps_tictime
004b42f8 B ps_uitime
002226b8 t PS_UpdateMetricHistory
002237a8 t PS_UpdateRowHistories
002238e8 T PS_UpdateTickStats
00386fe8 T PS2_HeapCapacity
00386f20 T PS2_ReportOOM
0038a3c8 T PS2_SOCNumber
0052f678 B ps2boot
0038b958 T PS2Boot_Exit
0038b050 T PS2Boot_Init
0038b948 T PS2Boot_PowerRequested
0052c8e0 B ps2gs_dbg_noswap
00387b70 T ps2gs_init
00387fa0 T ps2gs_present
00387f90 T ps2gs_set_filter
00387f10 T ps2gs_set_palette
00387e38 T ps2gs_shutdown
00389d70 T PS2Joy_Poll
00389e68 T PS2Joy_Shutdown
00389f28 T PS2Joy_WaitStart
0038bf88 T PS2Pad_Release
0038bad8 T PS2Pad_Update
0038c410 T PS2Ref_Clock
0038d5d0 T PS2Ref_End
0038c180 t PS2Ref_End.part.0
0038d018 T PS2Ref_Frame
0038c220 T PS2Ref_Init
0038cea0 T PS2Ref_Lumps
0038c370 T PS2Ref_Number
0038c480 T PS2Ref_Tic
0017e5b8 T ps2time
0036d608 T PT_AskInfo
0036d570 T PT_AskInfoViaMS
00377230 T PT_CanReceiveGamestate
003745f8 T PT_ClientCmd
0036cd40 T PT_ClientJoin
0038a940 T PT_FileAck
0038a950 T PT_FileFragment
0038a948 T PT_FileReceived
00373f58 T PT_MoreFilesNeeded
00373eb0 T PT_PlayerInfo
003772d0 T PT_ReceivedGamestate
0038a988 T PT_RequestFile
00374168 T PT_ServerCFG
00373c78 T PT_ServerInfo
00374018 T PT_ServerRefuse
00374c40 T PT_ServerTics
0036d578 T PT_TellFilesNeeded
00376080 T PT_TextCmd
00377320 T PT_WillResendGamestate
0045b218 b pte_cleanupKey
0045b20c b pte_cond_list_lock
0045b208 b pte_cond_test_init_lock
0038d710 d pte_errorcheck_mutexattr
0038d700 d pte_errorcheck_mutexattr_s
00100eb8 t pte_mutex_check_need_init
00010d19 W pte_mutex_check_need_init.c.399fb7df
0045b210 b pte_mutex_test_init_lock
00010fc7 W pte_new.c.4e253fb2
0017eda0 T pte_osAtomicCompareExchange
0017ed40 T pte_osAtomicExchange
0017e968 T pte_osInit
0017eaa0 T pte_osMutexCreate
0017f080 T pte_osMutexDelete
0017eb40 T pte_osMutexLock
0017eb60 T pte_osMutexUnlock
0017eb80 T pte_osSemaphoreCreate
0017ec20 T pte_osSemaphoreDelete
0017eca0 T pte_osSemaphorePend
0017ec40 T pte_osSemaphorePost
0017ea40 T pte_osTerminate
0017ea98 T pte_osThreadGetDefaultPriority
0017ea60 T pte_osThreadGetHandle
0017ea78 T pte_osThreadGetMinPriority
0017ea68 T pte_osThreadSleep
0017f048 T pte_osTlsAlloc
0017f078 T pte_osTlsFree
0017f018 T pte_osTlsGetValue
0017efd8 T pte_osTlsSetValue
0045b220 b pte_processInitialized
0038d714 d pte_recursive_mutexattr
0038d708 d pte_recursive_mutexattr_s
000118c7 W pte_reuse.c.3fd9c7d7
0045b204 b pte_rwlock_test_init_lock
0045b21c b pte_selfThreadKey
0045b200 b pte_spinlock_test_init_lock
0045b214 b pte_thread_reuse_lock
0038d718 d pte_threadReuseTop
00012386 W pte_tkAssocCreate.c.cd993a7e
00010921 W pte_tkAssocDestroy.c.6338a94d
0017f120 T pteTlsFree
0017f0a0 T pteTlsGetValue
0017efa8 T pteTlsGlobalDestroy
0017ee10 T pteTlsGlobalInit
0017ee70 T pteTlsThreadInit
00010615 W pthread_equal.c.5144aec2
00011cb1 W pthread_getspecific.c.51f883a4
00104618 T pthread_init
0000ea69 W pthread_init.c.2a323a01
0000f1b9 W pthread_key_create.c.fbfdfe9f
0000f41e W pthread_key_delete.c.1d268f31
00101550 t pthread_key_delete.isra.0
0000fb51 W pthread_mutex_destroy.c.08577555
00012788 W pthread_mutex_init.c.cf3b810f
00101008 t pthread_mutex_lock
0000fdcb W pthread_mutex_lock.c.0b9b124f
00010058 W pthread_mutex_trylock.c.77869577
00101418 t pthread_mutex_unlock
0000f904 W pthread_mutex_unlock.c.9a0e440f
00010250 W pthread_self.c.4f715d45
001011c0 t pthread_self.part.0
00011e6a W pthread_setspecific.c.530ef92c
00104830 T pthread_terminate
0000ed3f W pthread_terminate.c.725ba446
0025ce50 t PTR_SlideCameraTraverse
00265ef0 t PTR_SlideTraverse
0047adb4 B purplemap
004ae0e0 b pushmobj
0038ba10 t PutAxis
00159cf8 T putc
0038a610 T PutFileNeeded
00159ff0 T puts
004a0f38 b qbuf.16
00155230 T qsort
00474bb8 B quake
0050f174 b queue_fadeinms
0050f17e b queue_flags
0050f17c b queue_looping
0050f180 b queue_name
0050f178 b queue_position
0052c448 b quit_funcs
0052c338 b quiting.4
004a3530 B quitmsg
003a3cb0 D QuitScreenMessages
00456310 r quitsounds
001745f0 t quorem
0030c0c8 T R_AddColormaps
0030a8e8 T R_AddColormapToList
00346240 T R_AddCustomTranslation
00308140 t R_AddLine
0031f7d0 T R_AddMobjInterpolator
00342898 t R_AddSinglePatchTexture
00338570 T R_AddSingleSpriteDef
00332770 T R_AddSkins
00338f30 T R_AddSpriteDefs
0033bab0 T R_AddSprites
003429f8 t R_AllocateTextures
0031eed8 T R_ApplyLevelInterpolators
00345e90 t R_ApplyTranslationRemap
003213e8 T R_ApplyViewMorph
0030e380 T R_BlendLevelVisible
0030d070 t R_CalcSlopeLight
003236e8 t R_CalculateRippleOffset
0030a928 T R_CheckDefaultColormap
0030b210 T R_CheckEqualColormaps
00344ca8 T R_CheckFlatNumForName
00325040 T R_CheckPlane
00343a58 T R_CheckPowersOfTwo
00309048 t R_CheckSectorLightLists.part.0
00343aa8 T R_CheckSolidColorFlat
003438d0 T R_CheckTextureCache
00344a30 T R_CheckTextureNumForName
00320d90 T R_CheckViewMorph
00307770 T R_ClearClipSegs
00307758 T R_ClearDrawSegs
00324770 T R_ClearFFloorClips
0031ee30 T R_ClearLevelInterpolatorState
003247e0 T R_ClearPlanes
00328eb0 T R_ClearSegTables
00339710 T R_ClearSprites
003449a8 T R_ClearTextureNumCache
003075a8 t R_ClipSolidWallSegment
0033a828 T R_ClipSprites
0030b370 T R_CopyColormap
003442c0 t R_CountTextures
00344150 T R_CountTexturesInTEXTURESLump
0030b490 T R_CreateColormap
0030b620 T R_CreateColormapFromLinedef
0030b0e8 T R_CreateDefaultColormap
00337360 t R_CreateDrawNode
0030c6d0 t R_CreateFadeColormaps
0031ece0 T R_CreateInterpolator_DynSlope
0031eb70 T R_CreateInterpolator_Polyobj
0031ea58 T R_CreateInterpolator_SectorPlane
0031eaa8 T R_CreateInterpolator_SectorScroll
0031eb28 T R_CreateInterpolator_SideScroll
0030b090 T R_CreateLightTable
0031f6f0 T R_DestroyLevelInterpolators
00320d38 T R_DoCulling
0030f558 T R_Draw2sMultiPatchColumn_8
0030f7c8 T R_Draw2sMultiPatchTranslucentColumn_8
00341628 t R_DrawBlendColumnInCache
003417d8 t R_DrawBlendFlippedColumnInCache
0030f048 T R_DrawColumn_8
0030f2a0 T R_DrawColumnClamped_8
00341520 t R_DrawColumnInCache
00316440 T R_DrawColumnShadowed_8
00310170 T R_DrawDropShadowColumn_8
00341400 t R_DrawFlippedColumnInCache
00337540 T R_DrawFlippedMaskedColumn
00339730 T R_DrawFlippedPost
00337440 t R_DrawFlippedPost.part.0
003275b0 t R_DrawFlippedWall
003340e8 T R_DrawFloorSplat
003139a0 T R_DrawFloorSprite_8
0031a560 T R_DrawFloorSprite_NPO2_8
00316390 T R_DrawFogColumn_8
00315c88 T R_DrawFogSpan_8
0033faa8 T R_DrawMasked
00336328 T R_DrawMaskedColumn
00326f60 t R_DrawNoWall
00326bc0 T R_DrawPlanes
00326f40 t R_DrawRegularWall
003270d8 t R_DrawRepeatFlippedMaskedColumn
00327290 t R_DrawRepeatMaskedColumn
0030faa0 T R_DrawShadeColumn_8
00326d18 T R_DrawSinglePlane
00326198 t R_DrawSinglePlane.part.0
00324068 t R_DrawSkyPlane
00315e60 T R_DrawSolidColorSpan_8
00310668 T R_DrawSpan_8
003166a0 T R_DrawSpan_NPO2_8
00312ff0 T R_DrawSplat_8
0031a0f0 T R_DrawSplat_NPO2_8
003411a0 T R_DrawThingBoundingBox
003144a0 T R_DrawTiltedFloorSprite_8
0031aa08 T R_DrawTiltedFloorSprite_NPO2_8
00315d80 T R_DrawTiltedFogSpan_8
00315f88 T R_DrawTiltedSolidColorSpan_8
00310ab0 T R_DrawTiltedSpan_8
003168d0 T R_DrawTiltedSpan_NPO2_8
00312118 T R_DrawTiltedSplat_8
00318520 T R_DrawTiltedSplat_NPO2_8
00314b08 T R_DrawTiltedTranslucentFloorSprite_8
0031b668 T R_DrawTiltedTranslucentFloorSprite_NPO2_8
003111d0 T R_DrawTiltedTranslucentSpan_8
00317700 T R_DrawTiltedTranslucentSpan_NPO2_8
00312840 T R_DrawTiltedTranslucentSplat_8
003192d8 T R_DrawTiltedTranslucentSplat_NPO2_8
00316070 T R_DrawTiltedTransSolidColorSpan_8
00316260 T R_DrawTiltedWaterSolidColorSpan_8
00311938 T R_DrawTiltedWaterSpan_8
0031c7a0 T R_DrawTiltedWaterSpan_NPO2_8
00310548 T R_DrawTranslatedColumn_8
00310250 T R_DrawTranslatedTranslucentColumn_8
0030fbc8 T R_DrawTranslucentColumn_8
0030fe58 T R_DrawTranslucentColumnClamped_8
00313ea8 T R_DrawTranslucentFloorSprite_8
0031a7a8 T R_DrawTranslucentFloorSprite_NPO2_8
003151c8 T R_DrawTranslucentSpan_8
0031c2f0 T R_DrawTranslucentSpan_NPO2_8
00313470 T R_DrawTranslucentSplat_8
0031a318 T R_DrawTranslucentSplat_NPO2_8
00315ec0 T R_DrawTransSolidColorSpan_8
00339950 t R_DrawVisSprite
00316178 T R_DrawWaterSolidColorSpan_8
00315728 T R_DrawWaterSpan_8
0031c528 T R_DrawWaterSpan_NPO2_8
00321698 T R_ExecuteSetViewSize
00325270 T R_ExpandPlane
003077f0 T R_FakeFlat
003275c8 t R_FFloorCanClip
00346120 T R_FindCustomTranslation
00324998 T R_FindPlane
0030ed90 T R_FlushTranslationColormapCache
0030dbf8 T R_GenerateBlendTables
0030aa98 T R_GenerateLightTable
00342ca0 T R_GenerateTexture
0030e6a0 t R_GenerateTranslationColormap
0030e208 T R_GetBlendTable
003410e0 T R_GetBoundingBoxColor
00347eb8 T R_GetBuiltInTranslation
0030ede8 T R_GetColorByName
0030aa80 T R_GetColormapFromList
0030a9a8 T R_GetColormapFromListByValues
00343900 T R_GetColumn
0030b1d0 T R_GetDefaultColormap
00320c50 T R_GetFFloorLine
00320cb0 T R_GetFFloorSide
00343a28 T R_GetFlat
00343e68 T R_GetFlatBits
003436c8 T R_GetFlatForTexture
00343ae0 T R_GetFlatSize
003322c0 T R_GetForcedSkin
0031da50 T R_GetFramerateCap
00309300 T R_GetPlaneLight
00348568 T R_GetRollAngle
0033a358 T R_GetShadowZ
00331f68 T R_GetSkinAvailabilities
00338500 T R_GetSpriteNumByName
0030eea8 T R_GetSuperColorByName
00343888 T R_GetTextureNum
00343a08 T R_GetTextureNumForFlat
0030e3d8 T R_GetTranslationColormap
00339748 T R_GetTranslationForThing
00347bf8 T R_GetTranslationRemap
0030e148 T R_GetTranslucencyTable
003219a8 T R_Init
0030cac0 T R_InitData
0033a810 T R_InitDrawNodes
0031eda8 T R_InitializeLevelInterpolators
0031f9d0 T R_InitMobjInterpolators
00331f58 T R_InitSkins
003394d8 T R_InitSprites
0030def0 T R_InitTranslucencyTables
0030efb8 T R_InitViewBuffer
003369d0 t R_InstallSpriteLump
0031e270 T R_InterpolateMobjState
0031e718 T R_InterpolatePrecipMobjState
0031db30 T R_InterpolateView
00307ef8 T R_IsEmptyLine
00321ac0 T R_IsPointInSector
0030d6b0 t R_LazyBlendTable
00345fb0 T R_LoadParsedTranslations
00331838 t R_LoadSkinSprites
0034c668 T R_LoadSpriteInfoLumps
003448d0 T R_LoadTextures
00344868 T R_LoadTexturesPwad
00323d90 t R_MapFogPlane
003238c0 t R_MapPlane
003237c0 t R_MapTiltedFogPlane
00325f28 t R_MapTiltedPlane
00337990 t R_NewVisSprite
003419a8 t R_ParsePatch
00349400 t R_ParseSpriteInfo
0034c4c8 T R_ParseSPRTINFOLump
00342378 t R_ParseTexture
003443a0 T R_ParseTEXTURESLump
00346848 T R_ParseTrnslate
00333180 T R_PatchSkins
00326d58 T R_PlaneBounds
00321c10 T R_PointInSubsector
00321cd0 T R_PointInSubsectorOrNull
00320240 T R_PointOnSegSide
00320150 T R_PointOnSide
00320340 T R_PointToAngle
00320770 T R_PointToAngle2
00320548 T R_PointToAngle64
00320ac8 T R_PointToDist
00320950 T R_PointToDist2
00307078 t R_PolyobjCompare
00307090 t R_PolysegCompare
003077b0 T R_PortalClearClipSegs
0030cbd8 T R_PrecacheLevel
00308c88 T R_Prep3DFloors
00330760 t R_ProcessPatchableFields
00337a48 t R_ProjectBoundingBox
00333798 T R_RefreshSprite2
003233d8 T R_RegisterEngineStuff
0030c980 T R_ReInitColormaps
0031f970 T R_RemoveMobjInterpolator
00326dc0 t R_Render2sidedMultiPatchColumn
00309398 T R_RenderBSPNode
00327440 t R_RenderFlipped2sidedMultiPatchColumn
004be055 B r_renderfloors
00328ed8 T R_RenderMaskedSegRange
00322c48 T R_RenderPlayerView
0030a308 T R_RenderPortalHorizonLine
00327618 t R_RenderSegLoop
00329fb8 T R_RenderThickSideRange
004be054 B r_renderthings
004be056 B r_renderwalls
0031f9f0 T R_ResetMobjInterpolationState
0031fb70 T R_ResetPrecipitationMobjInterpolationState
0031e100 T R_ResetViewInterpolation
0031f4d8 T R_RestoreLevelInterpolators
00326f68 t R_ScaleFromGlobalAngle
00343f50 T R_SetFlatVars
0031fc58 t R_SetFov
003256c8 T R_SetScaledSlopePlane
00333c18 T R_SetSkyScale
003252b8 T R_SetSlopePlane
00324330 t R_SetSlopePlaneOrigin
00322638 T R_SetupFrame
00333cd0 T R_SetupSkyDraw
0031e158 T R_SetViewContext
0031fc38 T R_SetViewSize
003377b8 t R_SkewShadowSprite.constprop.0
00332220 T R_SkinAvailable
0030dbc8 T R_SkinTranslationToCacheIndex
00331ff0 T R_SkinUsable
00321e20 T R_SkyboxFrame
00308b48 T R_SortPolyObjects
00337f80 t R_SortVisSprites.constprop.0
00348560 T R_SpriteRotationAngle
0032bb70 T R_StoreWallRange
00344c18 T R_TextureNumForName
003412b0 T R_ThingBoundingBoxVisible
0033b8a0 T R_ThingOffsetOverlay
0033b6d8 T R_ThingVisible
0033b800 T R_ThingWithinDist
00347e98 T R_TranslationIsValid
0031edc8 T R_UpdateLevelInterpolators
0031fae0 T R_UpdateMobjInterpolators
00347dc0 T R_UpdateTranslationRemaps
0031df88 T R_UpdateViewInterpolation
0031da90 T R_UsingFrameInterpolation
004be058 B r_viewmobj
00322348 T R_ViewpointHasChasecam
004a1260 b ra_demoname
0048b788 b race1
0048b784 b race2
0048b780 b race3
0048b77c b racego
0048b754 b railring
0015e1f8 T raise
00152208 T rand
003abbb4 d randomseed
00333d10 t rasterize_segment_tex
004d0978 b rastertab
00467700 b rdata_table
00162ef8 T read
00130340 t read_buf
0040ae18 r read_chunks
00362688 t ReadBlock
003622f0 t ReadBytes
0018f0b8 T readconditionset
00189518 T readcutscene
001c37d0 t ReadDemoVar
00162a60 T readdir
0018d7d0 T reademblemdata
0018e1d0 T readextraemblemdata
00195a78 T readframe
00185de0 T readfreeslots
001888c0 T readgametype
00362488 t ReadHeader
0018d1b8 T readhuditem
00192a88 T readlevelheader
0018fec0 T readmaincfg
0018bfe0 T readmenu
001c1af0 t ReadNetVar
001c36e8 t ReadOldDemoVar
00349190 t ReadPixelFunc_Flat_16bpp
003491a8 t ReadPixelFunc_Flat_32bpp
00349180 t ReadPixelFunc_Flat_8bpp
0034ae60 t ReadPixelFunc_Patch
001852f8 T readPlayer
00389250 t ReadPort
00187500 T readskincolor
0018d480 T readsound
00188690 T readsprite2
00187d28 T readspriteinfo
0018a2c8 T readtextprompt
00186628 T readthing
0018e700 T readunlockable
00191b40 T readwipes
001522a8 T realloc
00386ee8 W realpath
00512a38 B realpingtable
0046c8cc b realtics.8
00522e5c b reasonhead
00522e60 b reasontail
005292ec b rebound_head
005292e8 b rebound_tail
005292f0 b reboundsize
00529300 b reboundstore
0031d6c0 t RecalculatePolyobjectSegAngles
004a3434 b recatkdrawtimer
003030a8 t ReconfigureViaVertexes
004a64d4 b recursion.0
0047a7e0 b recursion.2
004a9250 b recursion.2
001064b0 t recv_intr
004aecd8 B redctfstarts
00474be0 B redflag
0047adc0 B redmap
00473b24 B redscore
0048b6fc b redstat
003ef268 d redwall.0
00522bd8 b reference_lag
0017f190 T ReferThreadStatus
0051231c B refreshdirmenu
00512318 B refreshdirname
00104950 t register_tm_clones
00375b30 T RegisterNetXCmd
004aef70 B rejectmatrix
00407af0 d rejointimeout_cons_t
00389668 t ReleaseSlot
0017f340 T ReleaseTimerAlarm
0015a240 T remove
003854e0 T RemoveAdminPlayer
0038a8d8 T RemoveAllLuaFileTransfers
0017d210 T RemoveDmacHandler
00179420 T RemoveIntcHandler
004be04c B renderdeltatics
0046c8d8 B rendergametic
003ef238 d renderhitbox_cons_t
004be048 B renderisnewtic
004094b0 D rendermode
003abb00 D rendertime_rows
004be050 B rendertimefrac
003a0cf0 d rendertimeout.5
004d0848 b repeatscroll
00468740 b reset_pkt.0
004736c0 b resetdown.1
0036a000 T ResetNode
0035c770 t ResFindSignature
0035c9c8 t ResGetLumpsStandalone
003dda20 d respawnitemtime_cons_t
004091e8 d respawntime_cons_t
00512808 b resptime.2
004732d0 b restorecv_vidwait
00489e94 b resynch_ticker
00407a40 d resynchattempts_cons_t
0052929c b retransmit
00473b84 b retrying
00473b83 b retryingmodeattack
00162b40 T rewinddir
0048a338 B rflagico
00474bd8 B rflagpoint
003aa1b0 d ringlimit_cons_t
0048b748 b ringshield
0037f000 t Ringslinger_OnChange
00343bf0 t Rloadflats
003445b8 t Rloadtextures
0048a330 B rmatcico
0050cdd8 B rollcosang
0050ccb8 B rollsinang
0052e210 B room_list
0038a518 t RoomId_OnChange
004a1218 B roomIds
0047ada0 B rosymap
00348618 T RotatedPatch_Create
00348698 T RotatedPatch_DoRotation
0017c340 T RotateThreadReadyQueue
003de290 d rotation_cons_t
0014a9d0 T round
0040ad40 r row_mask.0
00163748 t rshift
0052de60 b rumble_end
004797fb B runemeraldmanager
0046ecb2 b runningprecutscene
004d0934 B rw_angle1
004d0900 b rw_bottomtexturemid
004d08b8 b rw_bottomtexturescalex
004d08b4 b rw_bottomtexturescaley
004d08d4 b rw_bottomtextureslide
004d0898 b rw_bsilheight
004d08a4 b rw_ceilingmarked
004d0924 b rw_centerangle
004d0930 B rw_distance
004d08a5 b rw_floormarked
004d08a8 b rw_invbottomtexturescalex
004d08b0 b rw_invmidtexturescalex
004d08ac b rw_invtoptexturescalex
003a1e28 D rw_maximums
004d08d0 b rw_midtextureback
004d08cc b rw_midtexturebackslide
004d0908 b rw_midtexturemid
004d08c8 b rw_midtexturescalex
004d08c4 b rw_midtexturescaley
004d08d8 b rw_midtextureslide
004d0938 B rw_normalangle
004d0920 b rw_offset
004d0914 b rw_offset_bottom
004d0918 b rw_offset_top
004d091c b rw_offsetx
004d0910 b rw_scale
004d090c b rw_scalestep
004d08a0 b rw_silhouette
004d0928 b rw_stopx
004d0904 b rw_toptexturemid
004d08c0 b rw_toptexturescalex
004d08bc b rw_toptexturescaley
004d08dc b rw_toptextureslide
004d089c b rw_tsilheight
004d092c b rw_x
003584f8 t S_AddMusicStackEntry
0035c5b0 T S_AddSoundFx
0035a668 T S_AdjustMusicStackTics
00357d80 t S_AdjustSoundParams.isra.0
003595b0 T S_CalculateSoundDistance
0035b000 T S_ChangeMusicEx
0035bc78 t S_ChangeMusicToQueue
00359560 T S_ClearSfx
0035c2b8 T S_FadeMusicFromVolume
0035c2e0 T S_FadeOutStopMusic
00357748 t S_getChannel
00358398 t S_GetMusicLumpNum
0035a638 T S_GetMusicPosition
0035a4c0 t S_GetMusicStackEntry.constprop.0
0035a1d8 T S_InitMusicDefs
0035c4a8 T S_InitRuntimeSounds
003596b0 T S_InitSfxChannels
003598d8 T S_LoadMusicDefs
0035a418 T S_MusicExists
0035a408 T S_MusicName
0035a400 T S_MusicPaused
0035a7c0 T S_PauseAudio
0035a230 T S_PrepareSoundTest
0035bcf8 T S_RecallMusic
00358790 T S_RegisterSoundStuff
00357620 t S_RemoveMusicStackEntry
00358758 T S_ResetCaptions
0035a820 T S_ResumeAudio
0035a6c0 T S_RetainMusic
0035c290 T S_SetInternalMusicVolume
0035a630 T S_SetMusicPosition
0035a8d8 T S_SetMusicVolume
0035a640 T S_SetStackAdjustmentStart
003f0060 D S_sfx
00359638 T S_SoundPlaying
0035a628 T S_SpeedMusic
00358ab0 T S_StartCaption
00357950 t S_StartCaption.part.0
0035c2f8 T S_StartEx
00359338 T S_StartSound
003591b8 t S_StartSound.part.0
00358b08 T S_StartSoundAtVolume
003576a8 t S_StopChannel
0035c2b0 T S_StopFadingMusic
00357cb0 T S_StopMusic
00359378 T S_StopSound
00358a50 T S_StopSoundByNum
00358890 T S_StopSounds
003593d8 T S_UpdateClosedCaptions
0035aab8 T S_UpdateSounds
00363a68 T samepaths
0052c8cc b samples.0
003ef9d8 d saturation_cons_t
004ae214 b save_errored
002a00c0 t SaveCeilingThinker
004ae228 B savedata
0029ff20 t SaveElevatorThinker
002976b0 t SaveError
004a3474 b savegameinfo
0046d5f0 B savegamename
0046c8b0 b saveline.0
00479801 B savemoddata
0029fea8 t SavePolymoveThinker
003a3cbc d saveSlotSelected
004a3458 b savselp
0048b7e4 B sbocolon
0048b7e0 B sboperiod
0048b7c4 b sboredrings
0048b7c0 b sboredtime
0048b7d4 b sborings
0048b7ec B sboscore
0048b7e8 B sbotime
00162f10 T sbrk
00512280 b sbuf
001044e0 T sbv_patch_disable_prefix_check
00104160 T sbv_patch_enable_lmb
0014cf50 T scalbn
0047a718 b scale_ftom
003a3318 d scale_mtof
004b407c B scaledviewwidth
004b8338 B scalelight
00138910 t scan_tree
0048b75c b scatterring
004663e4 B sceCdCallbackFunc
00149cf0 T sceCdInit
0017e688 T sceCdReadClock
0046ecd8 b scenenum
0017c820 T sceSifAddCmdHandler
00179620 T sceSifBindRpc
00179798 T sceSifCallRpc
0017a2a0 T sceSifCheckStatRpc
0017c3e0 T sceSifDmaStat
0017ca00 T sceSifExecRequest
0017c7e8 T sceSifExitCmd
00179fb0 T sceSifExitRpc
0017c990 T sceSifGetNextRequest
001799f8 T sceSifGetOtherData
0017c400 T sceSifGetReg
0017c878 T sceSifGetSreg
0017c538 T sceSifInitCmd
00179e18 T sceSifInitRpc
00179fd8 T sceSifRegisterRpc
0017a080 T sceSifRemoveRpc
0017a1a8 T sceSifRemoveRpcQueue
0017a258 T sceSifRpcLoop
0017c4c8 T sceSifSendCmd
0017d240 T sceSifSetDChain
00179540 T sceSifSetDma
0017c3f0 T sceSifSetReg
0017a130 T sceSifSetRpcQueue
0017c3c0 T sceSifStopDma
00179570 T sceSifWriteBackDCache
00465844 B sCmdNum
00465cc0 B sCmdRecvBuff
0039f468 D sCmdSemaId
00465880 B sCmdSendBuff
0050cf58 B scr_bpp
0034e4e0 T SCR_CalculateFPS
0034d9a8 t SCR_ChangeFullscreen
0034d9b0 T SCR_ChangeRenderer
0034e150 T SCR_CheckDefaultMode
0034ebc0 T SCR_ClosedCaptions
003ef418 d scr_depth_cons_t
0034eb40 T SCR_DisplayLocalPing
0034eed8 T SCR_DisplayMarathonInfo
0034e5f0 T SCR_DisplayTicRate
0034e418 T SCR_IsAspectCorrect
0034e090 T SCR_Recalc
0034e368 T SCR_SetDefaultMode
0034d9f0 T SCR_SetDrawFuncs
0034dec8 T SCR_SetMode
0034e010 T SCR_Startup
00473a74 B scramblecount
00473ab8 B scrambleplayers
00473a78 B scrambleteams
00473a76 B scrambletotal
003a3968 d scrbuf_downscaleamt
0048b810 b scrbuf_linebegin
0048b80c b scrbuf_lineend
0048b814 b scrbuf_pos
0048b808 b scrbuf_writeend
0050c768 B screenheightarray
0050f140 B screens
003ab888 d screenshot_cons_t
0020cdb0 T Screenshot_option_Onchange
004a3a40 b screenshot_palette
003644f8 T searchfilemenu
00466140 B searchFileRecvBuff
00466180 B searchFileSendBuff
002494a8 t SearchMarioNode
003ef060 d secbright_cons_t
004752c4 B secondarydisplayplayer
004af01c B secportalcapacity
004af020 B secportalcount
004af018 B secportals
004a6414 B sector_list
004ae298 b sectorBlocks
004aefbc B sectors
00409150 d seenames_cons_t
00473a68 B seenplayer
004a64d8 b seenstate_tab.1
004a9258 b seenstate_tab.3
004aefc0 B segs
004d0953 b segtextured
0046c094 b semCtr.0
00138b38 t send_tree
00529294 b sendackpacket
00529280 B sendbps
005292a0 B sendbytes
003766f8 T SendKick
00376a78 T SendKicksForNode
003837a8 t SendNameAndColor
00383288 t SendNameAndColor2
00375b90 T SendNetXCmd
00375c58 T SendNetXCmd2
00384420 T SendWeaponPref
003844b8 T SendWeaponPref2
003de248 d sensitivity_cons_t
0052f9c8 b seq
00407ab6 D server
00513d40 B server_context
004a0a1c B serverGamedata
0051992c B serverisfull
00514680 B serverlist
00514678 B serverlistcount
001fbee0 t ServerListEntryComparator_gametypename
001f6ff0 t ServerListEntryComparator_maxplayer_reverse
001f7068 t ServerListEntryComparator_modified
001f7018 t ServerListEntryComparator_numberofplayer
001f7040 t ServerListEntryComparator_numberofplayer_reverse
001f70c0 t ServerListEntryComparator_time
004a347c b serverlistpage
0047a7e4 b serverloading
00407ab0 D servermaxping
0038a4b0 t ServerName_CanChange
00512819 B servernode
00513e48 B serverplayer
00513e4c B serverrunning
003aa3f8 d serversort_cons_t
00110060 t set_file_encoding
0017c518 t set_sreg
0015a3e8 T setbuf
00358938 t SetChannelsNum
001bded8 t setcontrol
0017e300 T setenv
0017de8c T SetGP
00179400 T SetGsCrt
00162f48 T setjmp
00162360 T setlocale
0050cf60 B setmodeneeded
0017d918 T SetNextComp
0017c390 T SetOsdConfigParam
00332470 T SetPlayerSkin
00332608 T SetPlayerSkinByNum
0050cf5c B setrenderneeded
004b4250 B setsizeneeded
00330458 t SetSkin
0037aca0 t SetSkinLocal
0017e2b8 T SetT2
0017dec8 T SetT2_COMP
0017dea8 T SetT2_COUNT
0017deb8 T SetT2_MODE
0017d168 T SetTimerAlarm
0017c2d0 T setup
004a344c b setupcontrols
004a3450 b setupcontrols_secondaryplayer
001794a0 T SetupHeap
004a1150 b setupm_cvcolor
004a1144 b setupm_cvdefaultcolor
004a1148 b setupm_cvdefaultskin
004a114c b setupm_cvname
004a1154 b setupm_cvskin
004a113c b setupm_fakecolor
004a1140 b setupm_fakeskin
004a1198 b setupm_ip
004a1158 b setupm_name
001c1c28 t Setvalue
0015a3f8 T setvbuf
0052d5c0 b sfx_end
0052ddc0 b sfx_marker
003f0058 D sfxfree
0052fdd0 b sfxlog
003eef90 d shadow_cons_t
00473b16 B shareEmblems
0048b598 b shieldoffs.2
004ae0e8 B shields
0046c8df B shiftdown
0048a2a0 B shiftxform
0040a3f0 r short_months.0
004081d8 d showping_cons_t
0052c440 b shutdowning
004afa9c B sidedef
004ae2a8 b sidedefBlocks
004aefac B sides
00469280 b sif_unused
003a0cac d sif0_id
0017b450 T SifAllocIopHeap
0017b220 T SifExecModuleBuffer
0017b4d0 T SifFreeIopHeap
0017b318 T SifInitIopHeap
0017b550 T SifIopReset
0017b678 T SifIopSync
0017d498 T SifLoadFileInit
004af000 b sightcounts
0015e2b8 T signal
001794f0 T SignalSema
00228660 t SignSkinCheck
00522bcc B simulated_lag
0014a708 T sin
00473653 B singledemo
0046d715 B singletics
0039dfe0 D sio2man_irx
00166490 T siscanf
00399f04 D size_cdfs_irx
003a0ca8 D size_eenull
0039b518 D size_fileXio_irx
0039dfdc D size_iomanX_irx
003a0028 D size_osdsrc
00397528 D size_padman_irx
0038e584 D size_poweroff_irx
0039f45c D size_sio2man_irx
003a0c70 D size_srcfile
003a0454 D size_tlbsrc
00512370 B sizecoredirmenu
00512374 B sizedirmenu
002220e8 T sizeu1
004a3600 b sizeu1_buf.5
00222120 T sizeu2
004a35e0 b sizeu2_buf.4
00222158 T sizeu3
004a35c0 b sizeu3_buf.3
00222190 T sizeu5
004a35a0 b sizeu5_buf.1
00384250 t Skin_CanChange
00383ee8 t Skin_OnChange
00384340 t Skin2_CanChange
00383760 t Skin2_OnChange
003a3122 D skincolor_bluering
003a3126 D skincolor_blueteam
004b3a90 B skincolor_modified
003a3124 D skincolor_redring
003a3128 D skincolor_redteam
003abbc8 D skincolors
004a6300 b skincolorsbackup
004a62f0 b skincolorsbackupsize
004d0954 B skins
003aa4a0 d skins_cons_t
0047ad90 b skips.7
00474be4 B skipstats
003ab38c d skullAnimCounter
00473284 b skullAnimCounter
004b4108 b sky1view_new
004b4138 b sky1view_old
004b40a8 b sky2view_new
004b40d8 b sky2view_old
004af028 B skyboxcenterpnts
004af0a8 B skyboxmo
004af068 B skyboxviewpnts
004d0970 B skyflatnum
0047adb8 B skymap
004a1ed8 B skyRoomMenuTranslations
004d0964 B skyscale
004d096c B skytexture
004d0968 B skytexturemid
004093d0 d sleeping_cons_t
00179490 T SleepThread
0000e29d W slib.c.9fff2b86
00100ba0 t slib_get_exp_lib.constprop.0
00130038 t slide_hash
004a63fc b slidemo
0048b7d0 b slidgame
0048b7c8 b slidover
0048b7cc b slidtime
004be0c8 b slope_lightu
004be0b0 b slope_lightv
004be110 b slope_origin
004be0f8 b slope_u
004be0e0 b slope_v
004af1f6 B slopecount
00306840 T SlopeDiv
00306878 T SlopeDivEx
004af1f8 B slopelist
004094b8 d slots
0045b240 b smem_buf
00100af0 t smem_write_word.isra.0
0000dd86 W smod.c.4688d039
004752a2 B smpstage_end
004752a4 B smpstage_start
0052bec4 b snac2pending
0052bec8 b snacpending
00519920 b snake
00367480 T Snake_Allocate
003681c8 T Snake_Draw
00368718 T Snake_Free
00368758 T Snake_JoyGrabber
003674c0 T Snake_Update
0048b724 b sneakers
003a311c D sneakertics
00166660 T sniprintf
0015a7c0 T snprintf
0045aa88 r soc_numbers
00512810 B software_MAXPACKETLENGTH
004af570 b solidsegs
004af1ed b solidteeter
0052d5a8 b song_epoch
0052d5ba b song_loaded
0052d5b8 b song_paused
0052d5b9 b song_playing
0052d5b0 b song_position
0046f3da b sonic_blink
0046f3d9 b sonic_blink_twice
0046f3d8 b sonic_blinked_already
0046f3d0 b sonic_idle_end
0046f3d4 b sonic_idle_start
0046d702 B sound_disabled
0052ddc8 B sound_started
0037f0a0 t SoundTest_OnChange
0050f16c B soundtestdefs
003efa98 D soundtestpage
003efaa0 D soundtestsfx
003f0040 D soundvolume_cons_t
003ab1b0 d SP_GhostDef
003a66d0 d SP_GhostMenu
003ab1d8 d SP_GuestReplayDef
003a67b0 d SP_GuestReplayMenu
003a3f08 D SP_LevelSelectDef
003a6998 d SP_LevelSelectMenu
003ab250 D SP_LevelStatsDef
003a6540 d SP_LevelStatsMenu
003a3f30 D SP_LoadDef
003a69b0 d SP_LoadGameMenu
003ab2f0 D SP_MainDef
003a69c8 d SP_MainMenu
003ab0e8 d SP_MarathonDef
003a6558 d SP_MarathonMenu
003ab188 d SP_NightsAttackDef
003a3e90 D SP_NightsAttackLevelSelectDef
003a6650 d SP_NightsAttackLevelSelectMenu
003a65c0 d SP_NightsAttackMenu
003ab110 d SP_NightsGhostDef
003a6668 d SP_NightsGhostMenu
003ab138 d SP_NightsGuestReplayDef
003a6748 d SP_NightsGuestReplayMenu
003ab160 d SP_NightsReplayDef
003a6828 d SP_NightsReplayMenu
003a3ee0 D SP_PauseLevelSelectDef
003a3e68 D SP_PlayerDef
003a6528 d SP_PlayerMenu
003ab200 d SP_ReplayDef
003a6890 d SP_ReplayMenu
003ab228 d SP_TimeAttackDef
003a3eb8 D SP_TimeAttackLevelSelectDef
003a6980 d SP_TimeAttackLevelSelectMenu
003a6908 d SP_TimeAttackMenu
003a3114 D spacetimetics
00485620 B spam_tics
003a3670 D spam_tokens
0050d050 B spanfunc
0050cff8 B spanfuncs
0050cfa0 B spanfuncs_npo2
004c1d48 b spanstart
0046f194 b sparklloop
0046f198 b sparkloffs
003ab368 D SPauseDef
003a9c40 d SPauseMenu
004aefa0 B spawnlines
004aefa4 B spawnsectors
004aef9c B spawnsides
003a35b0 d speed_cons_t
00522bd4 b spike_time
0038aeb0 t SplitBootPath.constprop.0
0052bf51 B splitscreen
00321868 T SplitScreen_OnChange
004752aa B spmarathon_start
003d5618 D spr2defaults
003d5758 D spr2names
004d25fc B sprbotscreen
0015a8f8 T sprintf
004b2abc B spritecachedinfo
004d5ea0 B spriteinfo
0050cc68 b spritelights
004b2aac B spritememory
004d2c90 b spritename
004d5e9c B sprites
003d6b28 D sprnames
004a630c b sprnamesbackup
004a62fc b sprnamesbackupsize
004d2c98 b sprtemp
004d2600 B sprtopscreen
004d2604 B spryscale
004752ac B spstage_start
0014a280 T sqrt
003a3f58 D SR_EmblemHintDef
003a6a40 d SR_EmblemHintMenu
003a3fa8 D SR_LevelSelectDef
003a6ab0 d SR_LevelSelectMenu
003ab340 D SR_MainDef
003a6ac8 d SR_MainMenu
003a3fd0 D SR_PandoraDef
003a7120 d SR_PandorasBox
003a3f80 D SR_SoundTestDef
003a6a80 d SR_SoundTestMenu
003ab318 D SR_UnlockChecklistDef
003a6a98 d SR_UnlockChecklistMenu
001521f0 T srand
003a0e08 D srb2home
003a0d08 D srb2path
003a0460 D srcfile
00469060 b sregs
0015a980 T sscanf
004752b8 B ssspheres
004752a6 B sstage_end
004752a8 B sstage_start
00473b2c B sstimer
001dde60 t ST_cacheLevelTitle
004a1ec8 b st_cc
001e7a90 T ST_changeDemoView
001e6ea8 T ST_doPaletteStuff
001e0908 t ST_drawDebugInfo
001df898 t ST_drawEmeraldHuntIcon
001ecf28 T ST_Drawer
001dfa68 t ST_drawInput
001de0d8 t ST_drawLivesArea
001e4c20 t ST_DrawNightsOverlayNum.constprop.0
001e4d50 t ST_drawNightsRecords
001e5af8 t ST_drawPowerupHUD
001df110 t ST_drawRaceNum
001e4830 t ST_drawScore
001df2f0 t ST_drawTime
001e7eb0 T ST_drawTitleCard
001e4a30 t ST_drawWeaponRing.constprop.0
001e4948 t ST_drawWeaponSelect.constprop.0
001ece90 T ST_drawWipeTitleCard
001e7a70 T ST_Init
004a1e90 b st_launchpad
001e77b0 T ST_LoadFaceGraphics
001e6f58 T ST_LoadGraphics
001ed3d8 T ST_MovieInfoDrawer
0048b5e5 B st_overlay
001e85d8 t ST_overlayDrawer
0048b5e8 B st_palette
001ecdd0 T ST_preLevelTitleCardDrawer
004a1ea0 b st_radio
001e78d8 T ST_ReloadSkinFaceGraphics
001e7bc0 T ST_runTitleCard
001e6df0 T ST_SameTeam
003a3ca8 d st_scroll.10
004a1ecc b st_sel
001e79d0 T ST_Start
001e7b30 T ST_startTitleCard
003a37d4 d st_stopped
001e7bb0 T ST_stopTitleCard
001e7e88 T ST_Ticker
004a1ec4 b st_time
003a37d0 D st_translucency
001e6f48 T ST_UnloadGraphics
00468bc0 B stack
0048b590 b stackoffs.1
00473b82 B stagefailed
0052c964 b staging
004a6408 b stand
00350400 t standardpdraw
0052f9a8 b start.2
004a3520 B startchar
003a3138 D startinglivesbalance
004093e8 d startingliveslimit_cons_t
004a3452 B startmap
004a3624 b startPos.9
0017f838 T startswith
00179450 T StartThread
0017d7e0 W StartTimerSystemTime
0046d718 b startuppwads
0046d720 b startupwadfiles
00162f20 T stat
004519e8 R STATE_LIST
003bea58 D states
004a6308 b statesbackup
004a62f8 b statesbackupsize
0040d2a8 r static_bl_desc
0040d2c0 r static_d_desc
0040d6e0 r static_dtree
0040d2d8 r static_l_desc
0040d758 r static_ltree
004a0a4c b staticx.12
004a0a48 b staticy.11
004a1e7c b statsLocation
004a1660 b statsMapList
004a1e78 b statsMax
005292ac b statstarttic
00158318 t stdio_exit_handler
003effd0 D stereoreverse
003a1a98 D stjrintro
0048b7d8 B stlivex
004aef92 B stoppedclock
004a3420 b stopstopmessage
0047327c b stoptimer
0017d888 W StopTimerSystemTime
0015deb8 T stpcpy
004a6340 B stplyr
0015bfa8 T strcasecmp
0015c038 T strcat
00221678 T strcatbf
0015c140 T strchr
0015c2d8 T strcmp
0015c390 T strcpy
0015c448 T strcspn
0015c4d8 T strdup
0015c988 T strerror
0015c9a0 T strerror_l
00161650 T strftime
00161658 T strftime_l
004a3630 b string.11
004a3620 b stringLength.8
004a3628 b stringToUse.10
0015c9b8 T strlcat
0015caa8 T strlcpy
0015cb00 T strlen
0015cbc8 T strlwr
0015cc20 T strncasecmp
0015ccc8 T strncat
0015cde8 T strncmp
0015cec8 T strncpy
00174350 T strnlen
0015cf90 T strpbrk
0015d018 T strrchr
0015d090 T strspn
0015db78 T strstr
001546d0 T strtod
001546b8 T strtod_l
00154778 T strtof
001546f0 T strtof_l
0015d0f0 T strtok
0015d1d0 T strtok_r
00154b08 T strtol
00154af0 T strtol_l
00176658 T strtoll
00176640 T strtoll_l
00166430 T strtoul
00166418 T strtoul_l
001769a0 T strtoull
00176988 T strtoull_l
0015d1d8 T strupr
004aefb8 B subsectors
0046d72c B SUBVERSION
0052c8d0 b sum.1
0048b70c b superparaloop
0048b7f0 B superprefix
003efe48 d surround
0017c380 T SuspendThread
0038a8e0 T SV_AbortLuaFileTransfer
0038a8e8 T SV_AbortSendFiles
0038a8d0 T SV_HandleLuaFileSent
003758f8 T SV_Maketic
00376b68 T SV_ResendingSavegameToAnyone
0036a1a0 T SV_ResetServer
00376ba0 T SV_SendSaveGame
00375190 T SV_SendTics
0036a408 T SV_SpawnServer
0036b8b8 T SV_StartSinglePlayerServer
0036a540 T SV_StopServer
003763d0 T SV_WriteNetCommandsForTic
0017b9d8 T SyncDCache
004690e0 b sys_cmd_handlers
0040fb48 r SysEntry
00409cc8 r SysEntry
0024a520 T T_BounceCheese
003ddab8 D t_cam_dist
003ddab4 D t_cam_height
003ddab0 D t_cam_rotate
003ddaac D t_cam2_dist
003ddaa8 D t_cam2_height
003ddaa4 D t_cam2_rotate
0024be38 T T_CameraScanner
002496f0 T T_ContinuousFalling
002265c8 T T_CrushCeiling
002cb288 T T_Disappear
00302cd8 T T_DynamicSlopeLine
003034a0 T T_DynamicSlopeVert
0024b778 T T_EachTimeThinker
002d2120 T T_ExecutorDelay
002cc140 T T_Fade
002ca3d0 T T_FadeColormap
0025bcc0 T T_FireFlicker
0024afc8 T T_FloatSector
002c91c0 T T_Friction
0025bc28 T T_Glow
002c9ac0 T T_LaserFlash
0025bd38 T T_LightFade
0025bb78 T T_LightningFlash
0024aea0 T T_MarioBlock
0024b0d8 T T_MarioBlockChecker
002267c8 T T_MoveCeiling
00249fa0 T T_MoveElevator
00249bd8 T T_MoveFloor
00249960 T T_MovePlane
002938c8 t T_MovePolyObj
0024b5d0 T T_NoEnemiesSector
0024c378 T T_PlaneDisplace
00294b78 T T_PolyDoorSlide
00294f60 T T_PolyDoorSwing
00295168 T T_PolyObjDisplace
00295598 T T_PolyObjFade
00295350 T T_PolyObjFlag
00294450 T T_PolyObjMove
002942d8 T T_PolyObjRotate
00295260 T T_PolyObjRotDisplace
00294660 T T_PolyObjWaypoint
002c9538 T T_Pusher
0024b9d0 T T_RaiseSector
002c8aa0 T T_Scroll
00249668 t T_SectorHasEnemies
0024aa10 T T_StartCrumble
0025bbd8 T T_StrobeFlash
0024b168 T T_ThwompSector
00389bc8 t Tactile.isra.0
0034f4c0 T Tag_Add
0034f6c8 T Tag_Compare
0034f660 T Tag_FGet
0034f688 T Tag_Find
003500e0 T Tag_FindLineSpecial
0034f640 T Tag_FSet
0034ffc0 T Tag_Iterate_Lines
0034ff30 T Tag_Iterate_Sectors
00350050 T Tag_Iterate_Things
00350360 T Tag_NextUnused
0034f570 T Tag_Remove
003501d0 T Tag_SectorAdd
00350270 T Tag_SectorFSet
00350220 T Tag_SectorRemove
0034f720 T Taggroup_Add
0034f300 t Taggroup_Add_Init
0034f970 T Taggroup_Remove
0048a328 B tagico
0034fd18 T Taglist_InitGlobalTables
0050d0a8 B tags_available
0050d090 B tags_lines_t
0050d088 B tags_mapthings_t
0050d098 B tags_sectors_t
0046f3ce b tails_blink
0046f3cd b tails_blink_twice
0046f3cc b tails_blinked_already
0046f3c4 b tails_idle_end
0046f3c8 b tails_idle_start
003a3118 D tailsflytics
004a6130 B takescreenshot
0048a42c B tallinfin
0048a430 B tallminus
0048a488 B tallnum
003a37cc d tallydonetic
003de320 D tantoangle
00473af8 B teamscramble
00409400 d teamscramble_cons_t
0037fe40 t TeamScramble_OnChange
0048561a b teamtalk
004af1f0 b teeterer
004af1e4 b teeterxh
004af1e8 b teeterxl
004af1dc b teeteryh
004af1e0 b teeteryl
00162b80 T telldir
004af200 b tempsec.0
004af320 b tempsec.1
004af440 b tempsec.2
0017d1d8 T TerminateLibrary
00179460 T TerminateThread
004731cf b testttscale
0035c930 t TestValidLump
00522e48 B textcmds
0052c4c4 b textinputmode
003dda90 D textmap_colormap
004ae248 B textmap_planeceiling
004ae270 B textmap_planefloor
002b7d68 t TextmapParse
002ae710 t TextmapStorePos
00184fd0 t TextPromptReserve
00474be8 B textprompts
0050cc84 B texturecache
0050cc88 B texturecolumns
004d0850 b texturecolumntable
004d0854 b texturecolumntablesize
0050cc7c B textureheight
004b2aa8 B texturememory
0050cc8c B textures
0050cc78 B texturetranslation
0050cc80 B texturewidth
0046ecb8 b textxpos
0046ecb4 b textypos
0034f268 t TG_Slot
004d0868 b thicksidecol
003ab8e0 D thinkercount_rows
004a6140 B thinkframe_hooks
004a613c B thinkframe_hooks_length
004559d8 r thintriangle_guy
004af0b8 B thlist
00344fd8 t ThrowError
0048b72c b thundershield
00473708 B ticcmd_centerviewdown
00473710 B ticcmd_oldangleturn
00473700 B ticcmd_ztargetfocus
00529288 B ticmiss
003efa78 d ticrate_cons_t
0052928c B ticruned
0052fddc b tics
0048af00 b tictimer
00522bc4 B tictoclear
0050cc74 b tidcache
0050cc70 b tidcachelen
004b2ac8 b tiltlighting
00161660 T time
003a3148 D timeattackfolder
0052c060 B timedemo_csv
0052bf60 B timedemo_csv_id
0052c068 B timedemo_name
0052bf5a B timedemo_quit
004752b0 B timeinmap
00408550 d timelimit_cons_t
0037b0b0 t TimeLimit_OnChange
0052beb8 B timelimitintics
0052c168 B timelimits
0048afa0 b timer
0017ba88 T TimerBusClock2USec
0017da70 T TimerHandler_callback
0017d100 T TimerUSec2BusClock
003a3750 d timescale_cons_t
00408658 d timetic_cons_t
00473290 b timetonext
004736b6 B timingdemo
0040df20 r tiny
0040e198 r tinytens
004736fc b titlecardforreload
0046d75a B titlechanged
0047366c B titledemo
004752a0 B titlemap
00473274 B titlemapcameraref
00473294 B titlemapinaction
003a1abc D titlescrollxspeed
00473298 B titlescrollyspeed
003a0030 d TLBInfo
003a0050 D tlbsrc
004a6478 B tmbbox
004a6428 B tmceilingrover
004a6420 B tmceilingslope
004a6440 B tmceilingz
004a643c b tmdropoffz
004a6438 b tmdrpoffceilz
004a646c b tmflags
004a642c B tmfloorrover
004a6424 B tmfloorslope
004a6434 B tmfloorthing
004a6444 B tmfloorz
004a6430 B tmhitthing
004a0e50 b tmp.14
004a0ef0 b tmp.15
004a6460 b tmprecipthing
004a6470 B tmthing
004a6468 B tmx
004a63f8 b tmxmove
004a6464 B tmy
004a63f4 b tmymove
0048ab90 B tny_font
00473b3c B token
00473b30 B tokenbits
0048a2bc B tokenicon
00225650 T Tokenizer_Close
00225bf8 T Tokenizer_GetEndPos
002254d8 T Tokenizer_Open
00224f08 T Tokenizer_Read
00224e38 t Tokenizer_ReadTokenString
00225c00 T Tokenizer_SetEndPos
00225710 T Tokenizer_SRB2Read
00473b38 B tokenlist
004687b0 B topArg
004d0884 b topfrac
00468bbc B topId
004b406c B topleft
00468bb8 B topSema
004d0880 b topstep
004d094c b toptexture
0017bca8 t topThread
0050cf48 b total_frame_time
00376000 T TotalTextCmdPerTic
004a6490 B trace
004b3b50 b translationtablecache
003ef0b0 d translucenthud_cons_t
00350430 t translucentpdraw
00350460 t transmappedpdraw
004b3070 b transtab_lazy
004b2fc8 b transtab_lutp
00466340 B trayReqData
0036c750 T TryRunTics
003a1b48 d tta_factor.5
004731c8 B ttavailable
00473208 b ttbanner
004723b0 b ttembl
0046f980 b ttknba
0046f6b0 b ttknbk
0046f3e0 b ttkndh
0046ff20 b ttknib
0046fc50 b ttknif
0048a438 B ttlnum
004731c0 B ttloaded
003a1ab2 D ttloop
003a1ab8 D ttmode
00473230 B ttname
004720e0 b ttrbtx
00472ef0 b ttribb
00472950 b ttrobo
003a1ab4 D ttscale
00471870 b ttsoba
004715a0 b ttsobk
004712d0 b ttsodh
00471e10 b ttsoib
00471b40 b ttsoif
00473200 b ttsonic
00472c20 b ttsont
004731e8 b ttspop1
004731e4 b ttspop2
004731e0 b ttspop3
004731dc b ttspop4
004731d8 b ttspop5
004731d4 b ttspop6
004731d0 b ttspop7
004731f0 b ttsprep1
004731ec b ttsprep2
004731fc b ttswave1
004731f8 b ttswave2
004731f4 b ttswip1
00470a60 b tttaba
00470790 b tttabk
004704c0 b tttabt
004701f0 b tttaft
00471000 b tttaib
00470d30 b tttaif
003a1ab0 D tttics
00472680 b tttwot
0046f228 b ttuser
0046f224 b ttuser_count
00473204 b ttwing
0047322c B ttx
0047322a B tty
004736e0 b turnheld.6
00475284 B tutorialanalog
0047528c B tutorialfreelook
00475294 B tutorialgcs
0047529a B tutorialmap
00475298 B tutorialmode
00475288 B tutorialmousemove
00475290 B tutorialusemouse
0040de18 r two_over_pi
0015d750 t two_way_long_needle
0015d3d0 t two_way_short_needle
0040b088 r twobppswaptable
0047ad78 b txt.1
0047ad7c b txt.2
0047ad80 b txt.3
003a366a d typelines
003a1b60 D TYPEOFLEVEL
00466a80 b tz.0
0039fb48 d tzinfo
00161ad0 T tzset
004aefe8 B udmf
004a1e88 B ultimate_selectable
00479870 B ultimatemode
00511658 b uname.0
00511668 b uname.2
002996c8 t UnArchiveSectors
00298bc0 t UnArchiveSide
003a3116 D underwatertics
00174338 T ungetc
00162f38 T unlink
0017df78 T UnlinkAlarm_ForTimer
003690c0 t UnlinkPlayerFromNode
0048c4b8 B unlockables
004a0a18 B unlocktriggers
0017e318 T unsetenv
0038a510 t Update_parameters
0031d748 t UpdateLevelInterpolatorState
00368b98 t UpdatePingTable
00134348 t updatewindow
00473b18 B use1upSound
003a3109 D useBlackRock
0048af9d B usebuffer
00473b17 B useContinues
0046d760 B used_spr
00479800 B usedCheats
003a0d00 D usehome
0048af9c b useinterpic
00409450 d usemouse_cons_t
001b09b0 t UserAnalog_OnChange
001b0968 t UserAnalog2_OnChange
0048afa4 b usetile
0050f0cc b v_colormap
00355d20 T V_CountNameTagLines
003504a0 t V_CubeApply.part.0
00356a30 T V_DoPostProcessor
003561f8 T V_DrawAlignedFontString
00355f78 T V_DrawAlignedFontStringAtFixed
003531f8 T V_DrawBlock
00354358 T V_DrawContinueIcon
00352990 T V_DrawCroppedPatch
00354d20 T V_DrawFadeConsBack
00354468 T V_DrawFadeFill
00354bf0 T V_DrawFadeScreen
00353468 T V_DrawFill
003548e0 T V_DrawFlatFill
00355010 T V_DrawFontCharacter
003557c8 T V_DrawFontString
00355320 T V_DrawFontStringAtFixed
00355ad8 T V_DrawLevelActNum
00356608 T V_DrawNameTag
00356270 t V_DrawNameTagLine
003559a8 T V_DrawPaddedTallNum
00354b18 T V_DrawPatchFill
00354d80 T V_DrawPromptBack
00353a00 T V_DrawStretchyFixedPatch
00355838 T V_DrawTallNum
003568e0 T V_FontStringHeight
00355dc8 T V_FontStringWidth
00355120 T V_FontWordWrap
00354ef8 T V_GetStringColormap
00357340 T V_Init
00355c60 T V_LevelActNumWidth
00357480 T V_Recalc
00352738 T V_SetPalette
00352890 T V_SetPaletteLump
0050f0c8 b v_translevel
00353300 T V_VMAPToPaletteIndex
0021f5a0 T va
0040ac50 r valid_parameters.0
0015ef98 t validate_structure
003ef180 D validcount
0047ad88 b var_skips.5
004a633c B var1
004a6338 B var2
003877c0 t vblank_handler
0046d730 B VERSION
004ae2a0 b vertexBlocks
004aefc4 B vertexes
00157608 T vfiprintf
00173978 T vfprintf
0050cf68 B vid
003528d8 T VID_BlitLinearScreen
00387128 T VID_CheckRenderer
00387118 T VID_GetModeForSize
003870f0 T VID_GetModeName
003870e8 T VID_NumModes
00387120 T VID_PrepareModeList
00387218 T VID_SetMode
004a3438 b vidm_column_size
004a343c b vidm_nummodes
004a3444 b vidm_previousmode
004a3440 b vidm_selected
004a3448 b vidm_testingmode
004be070 B viewangle
004ba040 B viewangletox
004b409c B viewcontext
004be068 B viewcos
00512814 B viewfiles
004b4248 b viewfov
004b4078 B viewheight
003ee458 d viewmorph
004be05c B viewplayer
004be060 B viewsector
00519939 b viewserver_addons
00519934 b viewserver_scroll
00519938 b viewserver_toggle
004be064 B viewsin
004b4080 B viewwidth
004b4074 B viewwindowx
004b4070 B viewwindowy
004be07c B viewx
004be078 B viewy
004be074 B viewz
004cfb40 B visplanes
004d2be0 b visspritechunks
004d2c68 B visspritecount
00362228 T vres_Find
00362190 T vres_Free
00361da0 T vres_GetMap
001c4d40 T VS_GetSpace
0015ac10 T vsnprintf
0015ad60 T vsprintf
004d2000 b vsprsortedhead.0
0035ff80 T W_CacheLumpName
0035ff70 T W_CacheLumpNum
0035fe80 T W_CacheLumpNumPwad
00360490 T W_CachePatchLongName
003603e8 T W_CachePatchName
00360070 T W_CachePatchNum
0035ffd0 T W_CachePatchNumPwad
0048a348 b w_chat
0035c828 t W_CheckFolderKeys
003316a8 t W_CheckForPatchSkinMarkerInPwad
00331770 t W_CheckForSkinMarkerInPwad
0035d448 T W_CheckNameForNumPwad
0035d848 T W_CheckNumForFolderEndPK3
0035d668 T W_CheckNumForFolderStartPK3
0035e3b8 T W_CheckNumForFullNamePK3
0035ee10 T W_CheckNumForMap
0035d638 T W_CheckNumForMarkerStartPwad
0035ed28 T W_CheckNumForName
0035d4c8 T W_CheckNumForNamePwad
0035f100 T W_CheckNumForPatchName
0035d9c8 t W_CheckNumForPatchNameInternal
0035e2a8 T W_CountFolderLumpsPwad
0035c760 t W_DeallocFolderKey
00360128 T W_GetCachedPatchNumPwad
0035e0f0 T W_GetFolderLumpsPwad
0035d3a0 T W_GetFullFolderPath
0035dfd8 T W_GetLumpFolderNamePK3
0035df28 T W_GetLumpFolderPathPK3
0035f0c0 T W_GetNumForName
0035f108 T W_GetNumForPatchName
0035fc78 t W_GetPatchPwad
00360d08 T W_InitFile
0035e680 T W_InitFolder
00361ca0 T W_InitMultipleFiles
0035f458 T W_IsLumpFolder
0035f3b0 T W_IsLumpWad
0035d270 T W_IsPathToFolderValid
0035e490 t W_LoadDehackedLumpsPK3
0035f150 T W_LumpExists
0035f3a0 T W_LumpLength
0035f210 T W_LumpLengthPwad
0035d140 T W_OpenWadFile
0035fe58 T W_ReadLump
0035fe40 T W_ReadLumpHeader
0035f5f0 T W_ReadLumpHeaderPwad
0035fe70 T W_ReadLumpPwad
003601c8 T W_ReadPatchHeaderPwad
0035cf58 T W_Shutdown
003603e0 T W_UnlockCachedPatch
00360538 T W_VerifyFileMD5
00360540 T W_VerifyNMUSlumps
00511878 B wadfiles
0052e0cd B waitingforluafilecommand
0052e0ce B waitingforluafiletransfer
00179500 T WaitSema
0017f240 T WaitSemaEx
0017f220 t WaitSemaEx_callback
0017c360 T WakeupThread
004d0874 b walllights
004a3278 b warningflags
0048b744 b watershield
004ae8d8 B waypoints
004ae4d0 B waypoints_emptybuf
0046d728 B window_notinfocus
004d25f4 B windowbottom
004d25f8 B windowtop
0046c8b4 b wipe.2
004732b8 b wipe_scr
004732bc b wipe_scr_end
004732c0 b wipe_scr_start
003a1af0 D wipedefs
003a0cf8 D wipegamestate
004732cd B WipeInAction
004732cc B WipeStageTitle
004732c4 B wipestyle
003a1aec D wipestyleflags
003a0cf4 D wipetypepost
003a0cf6 D wipetypepre
0014d118 t with_errno
004d08f8 b worldbottom
004d08e8 b worldbottomslope
004d08f4 b worldhigh
004d08e4 b worldhighslope
004d08f0 b worldlow
004d08e0 b worldlowslope
004d08fc b worldtop
004d08ec b worldtopslope
003627f8 T WPack_Detect
00362928 T WPack_GetLumps
00362f50 T WPack_ReadLump
00362870 T WPack_SetupHandle
00362ef0 T WPack_Shutdown
003628e8 T WPack_VerifyNMUS
00127168 t write_unknown_chunks.part.0
00349290 t WritePatchPixel_i16o16
00349350 t WritePatchPixel_i16o32
00349208 t WritePatchPixel_i16o8
003492b0 t WritePatchPixel_i32o16
00349398 t WritePatchPixel_i32o32
00349228 t WritePatchPixel_i32o8
00349270 t WritePatchPixel_i8o16
00349308 t WritePatchPixel_i8o32
00349218 t WritePatchPixel_i8o8
0040b308 r x2n_table
0014d148 t xflow
004be130 b xoffs
004564c8 r xspeed
0017f900 T xstrtok
004b9b38 B xtoviewangle
0048af98 b y_buffer
001d6a80 t Y_CalculateCompetitionWinners
001d6618 t Y_CalculateMatchWinners
001d7838 T Y_CleanupScreenBuffer
001d7728 T Y_ConsiderScreenBuffer
001dc558 T Y_DetermineIntermissionType
001dddf8 T Y_EndIntermission
001d78b8 T Y_IntermissionDrawer
001d63f0 t Y_IntermissionTokenDrawer
001d73f8 T Y_LoadIntermissionData
001d60d8 t Y_RescaleScreenBuffer
001d6a10 t Y_SetGuardBonus
001d7000 t Y_SetLapBonus
001d6fa0 t Y_SetLinkBonus
001d68a8 t Y_SetNightsBonus
001d6898 t Y_SetNullBonus
001d68d8 t Y_SetPerfectBonus
001d7050 t Y_SetRingBonus
001d70a8 t Y_SetTimeBonus
001dc640 T Y_StartIntermission
001db760 T Y_Ticker
001d7200 t Y_UnloadData
0047add4 B yellowmap
0048b6f8 b yelstat
004be128 b yoffs
004be138 B yslope
004be140 B yslopetab
004564a8 r yspeed
001977c8 T Z_Calloc2
001979e8 T Z_ChangeTag2
00196d58 T Z_CheckHeap
001968f8 T Z_DumpOwners
0040dd30 R z_errmsg
00196be8 T Z_Free2
00196e48 T Z_FreeTags
00196b30 T Z_Init
00196c88 T Z_IterateTags
00197398 T Z_Malloc2
001968a8 T Z_PurgeLock
001977f8 T Z_Realloc2
00197a60 T Z_SetUser2
00197b30 T Z_StrDup
00197ad8 T Z_TagsUsage
0013a2f0 T zcalloc
0013a2f8 T zcfree
004736c8 b zchange.2
0045b128 r zero.0
0040eec8 r zeroes.0
0040f898 r zeroes.0
0040f310 r zeroes.0
0040e5b8 r zeroes.0
004b3f80 B zeroheight
003a2678 d zerotoone_cons_t
0035f4d0 T zerr
0013a2b0 T zError
003ab670 d zlib_level_t
003ab6c8 d zlib_mem_level_t
003ab640 d zlib_strategy_t
003ab600 d zlib_window_bits_t
0013a2a8 T zlibCompileFlags
0013a298 T zlibVersion
004b4338 B zlight
0046ec78 b zlimit
0046ec70 b zpurgelock
0046ec6c b zreqfile
0046ec68 b zreqline
0046ec74 b zused
